EmpID,Age,Attrition,DistanceFromHome,Education,Gender,JobSatisfaction,MonthlyIncome,NumCompaniesWorked,OverTime,TotalWorkingYears,YearsAtCompany,YearsInCurrentRole,DepartmentID,EducationFieldID,JobRoleID,AgeGroupID,SalarySlabID
1,55,No,29,2,Female,3,3833,6,No,18,13,5,1,1,1,1,1
2,37,No,4,2,Male,3,2888,5,No,4,0,0,2,2,2,2,1
3,33,Yes,5,4,Male,4,1652,0,Yes,17,8,8,1,2,1,3,1
4,45,Yes,29,4,Male,3,3561,4,No,16,2,1,1,3,1,2,1
5,37,No,5,1,Male,2,2127,9,No,19,7,0,2,4,3,2,1
6,34,Yes,16,4,Male,1,10768,7,No,18,12,0,1,2,4,3,3
7,28,Yes,13,3,Male,2,1000,8,No,7,7,7,3,1,3,3,1
8,26,No,14,4,Male,3,10252,0,No,20,3,3,2,4,4,3,3
9,43,No,12,3,Female,2,5232,6,No,12,10,4,2,3,5,2,2
10,33,No,24,1,Female,1,16186,9,Yes,15,0,0,3,2,4,3,4
11,37,No,12,3,Male,3,3984,9,No,10,10,10,2,2,3,2,1
12,51,No,9,2,Female,4,1000,7,No,8,4,4,2,5,6,1,1
13,26,No,11,5,Female,4,6372,3,No,5,4,4,3,2,7,3,2
14,47,Yes,18,4,Female,4,3535,8,Yes,7,3,1,2,1,7,1,1
15,40,No,24,1,Female,1,1717,2,No,19,7,3,2,1,2,2,1
16,39,No,1,4,Male,2,15215,4,Yes,12,8,8,2,3,8,2,4
17,54,No,17,3,Male,3,1660,2,Yes,4,4,4,1,3,3,1,1
18,26,Yes,11,3,Male,1,3524,3,No,9,2,2,2,1,1,3,1
19,54,No,1,5,Female,2,1000,9,No,16,3,3,1,2,3,1,1
20,31,No,14,1,Female,1,15723,0,No,20,1,1,2,1,9,3,4
21,46,No,12,2,Female,1,4544,6,No,18,1,1,2,1,2,1,1
22,33,No,1,3,Female,3,10836,4,No,4,1,1,1,2,4,3,3
23,29,No,15,4,Male,1,5599,1,Yes,9,4,3,2,2,2,3,2
24,50,No,29,3,Male,3,7599,7,No,7,7,7,2,3,6,1,2
25,21,No,9,4,Female,4,6437,2,No,8,8,8,1,2,3,4,2
26,37,No,27,1,Male,3,5295,5,No,8,1,1,1,1,2,2,2
27,31,No,26,4,Female,1,5926,3,No,21,21,3,2,6,2,3,2
28,39,No,22,4,Female,1,14679,2,No,12,12,4,2,1,4,2,3
29,32,No,1,4,Male,1,3891,3,No,8,2,1,2,5,2,3,1
30,23,No,29,2,Male,4,6425,5,Yes,12,11,0,1,2,6,4,2
31,34,No,17,1,Male,2,6683,1,Yes,37,37,9,2,2,4,3,2
32,38,No,17,1,Male,2,4800,9,No,12,4,4,1,5,2,2,1
33,50,No,9,4,Female,2,2259,9,No,16,16,5,1,4,3,1,1
34,28,No,16,4,Female,2,6296,0,No,15,0,0,2,1,6,3,2
35,35,Yes,15,3,Male,4,6574,4,No,19,14,14,2,2,6,3,2
36,26,Yes,9,3,Male,1,1915,9,No,5,0,0,2,2,1,3,1
37,20,No,6,5,Male,3,3178,8,No,7,7,7,2,2,2,4,1
38,32,No,15,5,Female,4,13355,8,Yes,15,1,1,1,2,4,3,3
39,24,No,8,3,Male,1,6511,8,No,5,5,5,3,2,6,4,2
40,38,Yes,10,4,Male,3,4388,2,No,14,0,0,2,2,2,2,1
41,38,No,20,2,Female,3,6315,0,No,7,4,4,2,2,6,2,2
42,27,No,29,3,Female,4,4029,7,Yes,4,4,2,1,2,1,3,1
43,29,No,21,4,Male,2,15645,4,Yes,19,9,2,1,1,9,3,4
44,43,No,4,3,Male,3,8124,7,Yes,11,2,2,2,2,3,2,2
45,40,No,13,2,Male,1,9998,5,No,6,3,3,1,4,3,2,2
46,55,Yes,28,5,Female,1,5709,1,No,12,3,3,2,4,7,1,2
47,44,No,13,3,Male,1,5973,1,Yes,10,5,5,2,2,3,2,2
48,42,No,14,3,Male,1,7065,4,No,10,3,3,2,2,3,2,2
49,40,No,23,1,Female,4,1000,6,Yes,9,6,6,1,2,3,2,1
50,35,No,12,3,Male,3,8735,8,No,18,6,1,2,3,6,3,2
51,48,No,5,5,Male,2,9510,8,No,15,2,2,2,2,3,1,2
52,56,No,6,4,Female,4,5177,1,No,17,1,1,2,2,3,5,2
53,29,No,5,3,Female,2,15631,8,No,14,6,2,1,3,5,3,4
54,37,No,5,3,Female,4,8187,8,No,6,0,0,1,1,6,2,2
55,35,No,23,5,Male,2,5125,3,No,11,11,11,2,1,7,3,2
56,31,No,9,5,Male,3,15300,1,No,15,2,2,2,3,9,3,4
57,54,Yes,18,1,Male,3,5255,2,No,16,4,4,2,1,6,1,2
58,26,No,5,1,Male,2,8430,2,No,8,4,4,2,2,6,3,2
59,18,No,15,2,Male,3,16771,7,No,14,3,3,3,1,9,4,4
60,44,No,23,1,Male,3,17964,7,No,3,1,1,1,1,8,2,4
61,30,No,17,2,Male,1,3510,0,Yes,19,5,5,1,2,2,3,1
62,25,Yes,13,3,Male,3,10591,5,No,8,2,2,2,4,5,4,3
63,26,No,29,2,Female,1,13673,5,Yes,5,2,2,2,3,5,3,3
64,37,No,22,4,Female,2,6254,6,Yes,38,38,9,1,1,3,2,2
65,58,No,15,5,Female,3,3179,3,No,15,15,3,1,2,2,5,1
66,44,No,23,5,Male,2,18940,7,No,18,0,0,2,2,9,2,4
67,55,No,26,2,Male,2,16663,8,Yes,17,17,8,2,2,9,1,4
68,48,Yes,20,2,Female,1,2473,8,No,17,17,12,2,6,1,1,1
69,45,No,2,3,Female,3,5828,5,No,4,1,1,2,2,6,2,2
70,28,No,19,1,Female,1,5033,4,No,11,11,11,2,5,6,3,2
71,56,No,27,2,Female,3,2186,2,Yes,13,13,13,2,1,2,5,1
72,37,No,17,4,Male,4,10582,3,Yes,2,1,1,1,1,5,2,3
73,47,Yes,18,1,Male,2,3061,6,No,14,14,8,2,2,2,1,1
74,53,No,19,2,Male,2,14199,6,No,13,3,3,2,2,8,1,3
75,39,No,25,5,Female,3,11307,7,No,9,9,3,1,5,5,2,3
76,45,Yes,7,3,Male,1,1258,8,No,12,0,0,1,2,2,2,1
77,37,No,17,2,Male,2,7993,0,No,11,11,8,2,2,6,2,2
78,42,No,22,2,Male,4,13130,8,No,13,2,2,2,3,5,2,3
79,33,No,15,2,Male,2,3630,0,No,0,0,0,2,3,2,3,1
80,39,Yes,17,4,Female,2,1945,7,Yes,15,14,12,2,6,2,2,1
81,41,No,22,5,Male,4,15680,1,No,14,3,3,2,2,9,2,4
82,44,Yes,10,2,Female,1,9746,1,No,20,0,0,2,2,6,2,2
83,19,No,1,5,Male,3,16738,8,No,16,0,0,1,2,8,4,4
84,37,No,5,1,Male,2,14236,0,No,17,17,9,2,2,4,2,3
85,44,No,17,4,Female,2,10876,3,No,20,20,11,3,2,4,2,3
86,30,No,18,4,Female,1,8765,0,Yes,13,1,1,2,2,6,3,2
87,41,No,22,2,Male,2,1000,0,No,8,0,0,1,1,6,2,1
88,29,No,19,3,Male,3,5643,5,Yes,11,3,3,3,6,3,3,2
89,22,Yes,21,2,Male,1,10980,6,No,19,0,0,2,1,6,4,3
90,21,No,17,5,Female,4,10297,2,No,20,3,3,1,2,3,4,3
91,60,No,21,2,Male,3,13906,8,No,16,0,0,3,2,5,5,3
92,37,No,28,1,Male,3,19955,3,No,7,7,7,2,1,9,2,4
93,28,Yes,27,2,Female,4,3221,9,No,10,4,4,1,1,3,3,1
94,46,Yes,20,5,Male,2,4214,2,No,18,1,1,1,6,2,1,1
95,56,No,1,3,Female,4,4332,0,No,6,5,5,2,1,1,5,1
96,30,No,11,3,Female,4,5025,0,No,5,4,4,3,3,3,3,2
97,31,Yes,4,3,Male,3,3472,9,No,16,2,2,1,2,1,3,1
98,36,No,21,3,Male,3,9426,4,No,10,3,2,2,2,3,2,2
99,28,No,19,5,Female,3,10328,3,No,11,2,2,1,1,5,3,3
100,33,No,1,3,Male,1,6569,4,No,13,13,0,2,2,3,3,2
101,47,Yes,26,2,Male,2,4603,3,No,17,1,0,1,1,3,1,1
102,52,No,23,4,Male,2,15652,4,No,20,7,7,2,2,8,1,4
103,24,No,3,1,Male,3,19999,3,Yes,18,0,0,1,5,8,4,4
104,29,No,14,4,Female,3,2342,0,No,16,2,2,2,1,1,3,1
105,45,Yes,16,1,Male,2,7975,0,No,10,10,9,3,1,3,2,2
106,39,Yes,20,2,Male,3,5858,0,No,12,0,0,1,2,2,2,2
107,56,No,24,5,Male,4,4145,6,No,17,5,5,2,3,6,5,1
108,45,No,15,4,Male,3,19999,3,No,12,12,4,3,2,9,2,4
109,23,No,1,1,Female,3,4572,7,No,20,1,1,3,1,6,4,1
110,26,No,20,2,Female,1,6709,0,No,2,0,0,2,1,3,3,2
111,44,No,2,1,Male,4,9221,1,No,16,16,1,2,1,6,2,2
112,44,No,15,3,Male,2,16814,0,No,20,0,0,2,2,5,2,4
113,45,No,19,4,Male,4,7977,9,No,5,2,2,2,2,6,2,2
114,26,No,3,3,Female,4,3853,1,No,3,1,1,1,1,3,3,1
115,38,Yes,26,3,Female,3,1000,4,Yes,4,4,4,2,1,3,2,1
116,37,No,28,2,Male,2,13627,2,No,13,10,0,2,1,5,2,3
117,41,No,16,3,Female,3,10878,4,No,14,14,8,2,2,4,2,3
118,28,No,16,2,Male,3,14596,0,Yes,5,4,4,3,2,9,3,3
119,43,No,29,3,Female,4,14495,9,No,4,0,0,1,5,5,2,3
120,60,No,15,2,Male,1,4630,8,No,15,9,9,1,2,2,5,1
121,45,No,6,3,Female,2,14771,3,No,11,1,1,1,2,9,2,3
122,43,No,24,5,Male,4,13107,8,No,19,19,17,3,2,8,2,3
123,34,No,13,1,Female,3,3492,7,No,2,0,0,2,2,6,3,1
124,24,No,13,5,Male,3,5421,6,No,9,0,0,1,4,6,4,2
125,25,No,23,4,Male,2,10892,0,No,1,1,1,1,6,5,4,3
126,30,No,27,1,Female,1,1000,0,Yes,20,0,0,2,2,1,3,1
127,51,No,5,1,Female,4,2867,8,No,18,7,7,1,2,7,1,1
128,50,No,13,5,Male,3,16459,7,No,10,10,9,1,2,8,1,4
129,44,Yes,7,2,Female,3,5123,0,No,7,3,0,2,2,3,2,2
130,27,No,3,4,Male,3,18444,0,No,18,8,8,2,3,9,3,4
131,20,No,27,4,Male,2,2319,6,Yes,34,34,3,1,2,3,4,1
132,45,Yes,13,4,Female,3,10407,5,No,4,0,0,1,2,6,2,3
133,26,No,8,5,Male,4,14593,1,Yes,15,4,4,2,1,8,3,3
134,45,No,22,4,Female,3,4658,7,No,3,3,3,1,2,2,2,1
135,55,No,24,4,Male,3,4264,4,Yes,18,7,7,2,2,7,1,1
136,31,No,2,2,Female,3,18098,0,Yes,11,1,1,2,2,8,3,4
137,28,No,18,4,Female,3,7562,7,No,19,19,6,2,1,2,3,2
138,42,No,25,5,Male,3,8923,6,No,1,1,1,1,2,6,2,2
139,43,No,6,4,Male,4,18405,8,No,14,3,3,2,4,9,2,4
140,25,No,13,5,Male,2,5514,4,No,18,3,0,2,1,2,4,2
141,36,No,23,1,Male,3,6338,6,Yes,15,0,0,1,5,2,2,2
142,43,Yes,5,4,Male,4,3848,1,Yes,2,2,2,2,3,6,2,1
143,36,No,29,3,Female,3,2052,1,No,6,1,1,2,1,6,2,1
144,29,No,3,3,Female,3,11872,8,No,15,3,3,2,1,5,3,3
145,44,No,14,1,Female,2,19235,2,No,14,14,10,1,1,5,2,4
146,26,No,19,2,Female,3,7587,6,No,10,10,9,1,1,6,3,2
147,41,No,16,5,Female,2,12944,7,Yes,10,4,4,2,2,4,2,3
148,45,No,28,4,Female,1,18338,9,No,5,5,5,2,4,9,2,4
149,38,No,4,1,Male,3,5220,3,No,10,6,6,2,1,3,2,2
150,55,No,3,3,Male,3,7434,1,No,15,4,4,3,5,3,1,2
151,50,No,7,5,Female,1,4850,5,No,14,7,2,2,2,6,1,1
152,41,No,13,4,Female,3,4694,0,No,15,1,1,2,2,2,2,1
153,51,No,17,1,Female,4,4369,9,Yes,10,3,3,1,1,2,1,1
154,44,No,20,3,Male,3,7619,0,Yes,7,7,7,2,2,3,2,2
155,37,No,13,4,Male,1,4057,7,Yes,10,10,10,3,1,2,2,1
156,42,No,16,2,Male,3,7986,5,No,16,5,5,2,2,6,2,2
157,41,No,29,2,Female,3,1994,3,Yes,14,7,7,1,2,2,2,1
158,38,No,2,4,Female,1,3002,6,Yes,13,13,3,2,2,2,2,1
159,18,Yes,29,5,Male,3,2338,9,No,5,5,5,2,1,2,4,1
160,35,No,7,5,Male,2,13841,0,No,20,0,0,2,5,8,3,3
161,53,No,8,4,Female,2,9259,9,No,2,1,1,2,2,6,1,2
162,38,No,12,3,Male,4,16056,1,No,6,6,1,1,1,5,2,4
163,44,No,18,2,Male,2,1553,0,No,19,7,7,2,2,3,2,1
164,38,No,2,1,Male,4,8691,3,No,3,0,0,1,2,6,2,2
165,53,Yes,12,5,Male,2,1000,9,No,9,9,9,1,3,6,1,1
166,42,No,5,4,Female,3,6386,7,No,10,1,1,1,3,3,2,2
167,47,No,18,2,Male,1,9152,6,No,17,9,9,3,2,5,1,2
168,43,No,3,1,Female,1,8651,7,No,18,8,8,3,4,6,2,2
169,52,No,22,4,Male,2,10082,6,No,19,1,1,2,2,6,1,3
170,20,No,9,2,Male,4,6662,6,No,16,1,1,1,2,3,4,2
171,28,Yes,26,2,Male,1,4094,9,No,16,2,2,1,2,2,3,1
172,32,Yes,19,1,Male,4,2119,6,No,13,13,13,3,2,1,3,1
173,29,No,20,2,Male,4,19296,0,Yes,11,4,4,2,1,5,3,4
174,40,No,10,3,Male,3,1536,8,No,18,18,17,2,4,3,2,1
175,35,No,19,2,Female,4,1000,6,No,18,6,6,1,3,2,3,1
176,38,No,21,3,Male,3,2796,6,No,12,9,3,2,1,1,2,1
177,33,No,22,5,Female,3,18475,3,No,21,21,15,2,1,9,3,4
178,28,No,6,1,Male,1,15588,4,Yes,14,7,7,1,3,9,3,4
179,56,No,3,2,Male,4,3368,1,No,10,0,0,2,2,6,5,1
180,26,Yes,17,1,Male,4,3392,0,No,19,19,18,1,1,1,3,1
181,27,No,25,1,Female,2,14599,7,Yes,10,1,1,2,2,4,3,3
182,42,Yes,21,2,Male,1,13638,7,No,6,0,0,2,1,4,2,3
183,49,No,5,2,Male,2,6602,9,No,15,12,7,2,1,6,1,2
184,48,No,11,3,Male,3,4603,2,No,4,2,2,2,2,2,1,1
185,45,No,7,2,Male,3,8522,3,No,17,17,4,1,2,3,2,2
186,40,No,26,3,Male,4,13537,9,No,20,7,7,1,2,8,2,3
187,20,No,27,3,Male,2,13503,5,No,19,1,1,1,2,8,4,3
188,54,No,21,3,Male,2,3325,4,Yes,17,4,2,2,2,3,1,1
189,28,No,5,3,Female,1,9491,4,No,3,3,2,2,2,6,3,2
190,41,No,18,2,Male,4,16545,3,Yes,15,15,7,1,1,5,2,4
191,38,No,27,2,Male,2,3157,2,Yes,6,1,1,1,1,2,2,1
192,26,No,22,2,Female,2,4506,6,Yes,8,5,3,1,2,3,3,1
193,58,Yes,13,1,Male,3,3602,6,No,6,3,3,2,6,2,5,1
194,35,No,26,2,Male,3,9251,4,No,17,11,3,1,4,3,3,2
195,28,Yes,9,5,Male,3,4368,6,No,14,6,4,2,2,2,3,1
196,45,Yes,19,3,Female,1,4190,2,No,17,1,1,2,5,2,2,1
197,46,Yes,20,1,Male,1,12460,7,Yes,13,1,1,2,3,5,1,3
198,40,Yes,12,5,Female,1,6630,3,No,14,10,5,3,2,3,2,2
199,31,No,24,3,Female,3,2427,0,No,10,3,3,2,3,3,3,1
200,51,No,21,1,Female,3,12410,5,Yes,6,1,1,2,2,5,1,3
201,31,No,12,3,Female,1,19085,8,No,11,11,11,2,2,9,3,4
202,38,No,2,4,Female,2,4194,5,No,16,3,3,1,2,2,2,1
203,45,No,18,3,Female,3,2435,1,No,9,7,7,2,2,2,2,1
204,28,No,18,5,Male,2,3875,7,No,11,5,5,3,5,7,3,1
205,24,No,19,5,Female,4,3410,5,No,18,2,2,1,2,2,4,1
206,21,No,8,3,Male,1,1395,7,No,4,0,0,2,1,6,4,1
207,47,No,5,5,Male,2,7024,1,No,10,10,0,2,4,6,1,2
208,54,No,27,4,Female,2,3764,9,Yes,35,35,10,2,1,2,1,1
209,39,No,15,3,Male,3,11226,9,No,18,1,1,2,1,5,2,3
210,35,Yes,22,3,Male,1,7820,4,Yes,12,12,12,1,2,6,3,2
211,26,Yes,27,5,Male,3,4799,8,No,9,6,6,1,5,6,3,1
212,27,No,14,1,Male,3,3347,1,No,16,4,4,2,5,6,3,1
213,32,No,1,5,Male,1,4477,6,No,7,6,6,1,5,2,3,1
214,33,No,21,3,Male,3,6243,2,Yes,6,6,6,2,2,6,3,2
215,57,No,26,1,Male,1,2829,9,No,14,12,12,2,2,2,5,1
216,32,No,13,3,Male,2,1000,4,Yes,15,15,8,2,4,3,3,1
217,38,No,29,3,Female,4,4541,0,No,3,0,0,2,2,6,2,1
218,38,No,15,2,Male,1,3625,5,Yes,5,2,2,2,2,3,2,1
219,21,No,24,2,Female,2,8823,6,No,15,1,1,2,4,6,4,2
220,57,Yes,12,5,Male,2,7037,4,No,9,2,2,1,2,6,5,2
221,26,No,15,5,Male,3,5716,2,No,8,5,4,2,2,3,3,2
222,59,Yes,4,5,Male,3,9733,3,No,2,2,2,2,6,3,5,2
223,44,No,29,4,Female,4,1000,0,No,13,9,9,1,3,3,2,1
224,53,No,27,5,Male,3,4972,8,Yes,8,0,0,1,5,2,1,1
225,48,Yes,28,1,Female,3,3320,5,Yes,2,2,2,3,3,7,1,1
226,42,No,18,4,Male,4,12330,4,No,17,0,0,2,1,5,2,3
227,32,Yes,2,1,Male,1,4500,8,No,14,9,2,2,1,6,3,1
228,27,No,13,3,Male,4,3024,4,Yes,16,0,0,2,2,2,3,1
229,42,Yes,12,1,Male,3,3644,5,No,11,11,9,1,2,6,2,1
230,26,No,1,2,Male,4,18434,9,No,13,3,3,1,1,5,3,4
231,39,No,3,3,Male,1,13164,1,Yes,11,11,6,2,1,6,2,3
232,48,No,29,1,Female,3,13531,5,No,13,3,2,2,5,5,1,3
233,35,No,27,5,Female,3,6343,4,No,8,5,5,3,2,3,3,2
234,30,Yes,28,2,Male,3,8159,4,Yes,18,3,3,2,2,6,3,2
235,39,No,26,2,Female,3,2488,1,No,5,3,3,2,2,7,2,1
236,43,No,10,3,Male,1,4997,5,Yes,17,4,4,1,4,3,2,1
237,44,No,19,4,Female,1,12402,0,No,4,1,1,2,1,3,2,3
238,46,No,22,2,Female,4,15407,2,No,4,1,1,1,2,5,1,4
239,58,Yes,10,1,Male,3,3049,9,No,11,1,1,3,4,2,5,1
240,26,No,10,1,Male,3,14397,0,Yes,5,5,5,2,4,9,3,3
241,48,No,28,2,Female,1,2822,9,No,7,7,7,2,3,1,1,1
242,29,Yes,28,5,Male,4,6540,8,No,20,0,0,3,2,7,3,2
243,32,No,20,2,Male,4,4920,7,No,7,7,7,2,3,6,3,1
244,29,No,11,5,Female,2,1516,4,No,3,3,3,2,1,2,3,1
245,46,No,3,5,Female,3,11100,2,No,18,4,1,1,4,5,1,3
246,35,No,28,3,Male,4,12709,5,No,3,1,1,1,1,5,3,3
247,41,No,28,1,Male,3,2305,3,Yes,20,0,0,2,4,3,2,1
248,58,No,15,5,Male,1,3398,6,No,11,1,1,1,1,3,5,1
249,57,No,26,5,Female,2,8700,2,No,20,0,0,2,5,6,5,2
250,28,No,5,1,Male,4,10828,5,No,19,0,0,1,2,5,3,3
251,44,No,12,4,Female,3,6500,6,No,13,1,1,2,1,6,2,2
252,43,No,8,2,Male,4,11693,6,No,13,3,3,1,1,5,2,3
253,29,No,16,3,Female,1,8541,6,Yes,8,8,8,1,1,5,3,2
254,40,Yes,16,3,Male,4,9107,5,No,20,7,7,2,2,6,2,2
255,32,Yes,23,5,Female,3,19999,4,No,20,17,16,2,1,9,3,4
256,52,No,29,1,Female,2,2528,1,Yes,17,2,2,2,4,2,1,1
257,59,No,22,5,Male,3,5487,6,Yes,11,0,0,3,1,3,5,2
258,29,Yes,28,1,Male,1,8112,6,Yes,7,1,1,2,2,6,3,2
259,40,No,3,5,Female,3,10846,1,Yes,10,6,6,3,2,5,2,3
260,55,No,13,1,Female,1,6563,9,No,2,2,2,2,1,7,1,2
261,35,No,24,4,Male,3,6470,1,Yes,11,7,6,3,2,3,3,2
262,48,Yes,1,5,Female,3,15887,6,No,4,4,4,2,2,5,1,4
263,44,Yes,6,2,Female,4,3307,1,No,7,6,6,2,2,1,2,1
264,45,No,17,1,Male,4,1000,0,No,11,0,0,2,2,6,2,1
265,32,No,26,1,Male,3,3680,6,No,10,4,4,1,2,2,3,1
266,32,Yes,6,2,Male,3,6884,3,Yes,7,7,7,1,2,6,3,2
267,46,No,23,5,Male,4,13943,6,Yes,4,0,0,2,4,4,1,3
268,40,No,29,2,Male,2,10941,6,No,5,5,1,3,1,5,2,3
269,41,No,27,1,Male,3,9403,9,No,16,11,8,2,2,6,2,2
270,48,Yes,17,4,Male,4,7696,0,No,19,5,0,2,2,6,1,2
271,31,No,11,1,Female,3,4213,8,No,9,6,6,3,1,4,3,1
272,29,No,19,4,Male,3,16835,1,No,2,2,0,1,2,8,3,4
273,28,Yes,21,5,Female,3,8461,0,No,19,5,4,1,1,3,3,2
274,45,No,15,2,Male,1,7739,5,No,16,1,1,2,2,3,2,2
275,33,Yes,1,1,Female,2,5510,5,Yes,2,2,2,1,1,1,3,2
276,47,No,28,4,Female,2,4840,3,Yes,6,6,3,2,3,3,1,1
277,30,No,26,3,Male,1,11505,8,Yes,9,0,0,1,1,5,3,3
278,52,No,12,2,Male,3,7908,0,Yes,7,5,5,2,1,3,1,2
279,22,No,4,2,Female,1,2501,1,No,15,3,3,1,4,1,4,1
280,35,No,17,5,Male,1,1542,1,No,13,2,2,1,2,6,3,1
281,54,No,13,4,Male,3,4916,8,No,16,3,3,1,3,6,1,1
282,44,No,2,4,Male,1,10559,6,Yes,6,6,6,2,1,6,2,3
283,26,No,5,1,Male,2,13843,5,No,18,8,8,2,2,8,3,3
284,46,No,21,1,Male,1,1000,3,No,5,5,1,1,1,2,1,1
285,48,Yes,2,1,Male,2,5561,0,No,12,7,7,2,1,2,1,2
286,35,No,1,3,Male,3,7579,7,No,18,4,4,2,2,6,3,2
287,48,No,1,5,Male,3,13778,9,No,19,3,3,2,1,9,1,3
288,52,No,20,2,Female,2,3990,0,No,17,8,8,2,4,2,1,1
289,28,No,18,5,Female,3,13602,7,No,7,1,1,3,1,6,3,3
290,60,No,10,4,Male,1,11866,1,Yes,10,10,3,2,1,5,5,3
291,44,No,5,2,Female,4,3413,8,Yes,13,5,5,1,2,2,2,1
292,44,No,10,1,Male,2,12847,7,Yes,20,1,1,2,2,5,2,3
293,40,No,3,5,Female,1,6720,9,No,15,0,0,2,1,3,2,2
294,19,Yes,9,2,Female,1,2356,0,No,8,0,0,2,1,1,4,1
295,41,No,20,2,Male,4,2407,8,No,11,10,10,1,2,2,2,1
296,21,No,7,4,Male,3,3346,7,No,5,5,5,2,2,6,4,1
297,49,No,5,2,Male,3,3503,8,No,9,9,9,2,2,2,1,1
298,35,No,19,5,Male,1,2968,9,No,2,2,2,2,2,3,3,1
299,43,No,12,3,Male,4,4220,8,Yes,3,3,2,2,2,2,2,1
300,36,Yes,24,3,Male,4,4297,7,Yes,10,1,1,2,3,3,2,1
301,27,No,18,4,Male,3,13749,4,Yes,7,7,7,2,1,4,3,3
302,33,No,20,3,Male,2,6830,8,Yes,19,8,8,2,1,4,3,2
303,46,No,16,5,Male,1,4363,4,Yes,13,8,8,2,2,4,1,1
304,33,No,23,5,Male,2,10823,7,No,4,4,4,2,2,5,3,3
305,36,No,16,1,Male,1,3944,9,No,13,3,3,2,3,3,2,1
306,55,Yes,13,5,Female,4,3554,1,No,15,3,3,2,5,2,1,1
307,26,Yes,1,4,Female,1,3928,0,No,7,4,4,3,4,1,3,1
308,20,No,22,1,Male,1,8660,6,No,8,8,5,2,1,3,4,2
309,34,No,17,3,Male,4,7861,3,Yes,15,5,1,1,2,6,3,2
310,27,Yes,16,3,Female,4,11766,6,Yes,5,3,3,2,1,6,3,3
311,26,No,5,5,Male,4,9504,4,No,5,4,4,2,4,5,3,2
312,32,No,9,3,Male,2,1733,9,Yes,7,7,0,1,1,7,3,1
313,21,Yes,23,1,Male,3,2587,9,Yes,8,4,4,2,1,3,4,1
314,51,Yes,7,3,Male,1,1607,8,No,18,7,7,1,1,6,1,1
315,26,No,8,2,Female,4,5582,7,No,7,5,5,2,1,2,3,2
316,25,No,18,5,Female,2,6927,3,Yes,18,7,7,2,1,6,4,2
317,31,No,3,5,Male,3,1000,9,No,20,12,4,1,2,1,3,1
318,34,No,7,1,Female,3,13539,5,No,15,0,0,2,1,4,3,3
319,35,Yes,22,1,Male,3,6597,4,Yes,5,2,2,1,2,4,3,2
320,41,No,10,5,Male,1,9587,2,No,6,6,5,3,2,6,2,2
321,36,No,25,5,Male,3,3607,4,No,19,5,1,2,5,1,2,1
322,46,No,25,3,Male,2,13099,5,No,15,15,4,2,1,5,1,3
323,43,Yes,14,4,Female,1,1933,8,No,17,3,3,2,2,1,2,1
324,51,No,22,3,Male,2,8021,7,No,9,3,3,2,1,6,1,2
325,40,No,19,5,Male,3,3416,3,No,12,3,3,2,1,3,2,1
326,30,No,23,4,Female,3,19999,5,No,7,7,7,1,2,8,3,4
327,56,No,28,2,Female,2,12820,8,No,7,7,7,2,1,8,5,3
328,30,Yes,8,4,Female,1,5964,3,Yes,4,1,1,2,2,6,3,2
329,45,No,7,5,Male,3,11475,7,No,17,4,4,1,4,4,2,3
330,26,No,15,2,Female,4,2317,0,No,4,4,4,1,2,3,3,1
331,50,No,11,4,Male,1,18234,9,No,7,7,7,1,1,5,1,4
332,29,No,15,3,Female,2,11012,5,Yes,12,1,1,2,2,3,3,3
333,45,No,11,1,Male,4,8333,2,No,13,1,1,1,6,3,2,2
334,46,No,7,4,Male,1,4015,1,Yes,5,5,5,2,2,6,1,1
335,44,No,1,2,Male,2,14990,3,No,16,16,16,2,1,9,2,3
336,37,Yes,12,5,Female,3,10293,9,No,10,10,7,3,1,6,2,3
337,30,No,12,2,Female,4,7089,1,Yes,9,1,1,3,2,5,3,2
338,40,No,9,3,Male,2,14673,4,Yes,3,1,1,2,5,8,2,3
339,41,No,23,2,Male,2,4496,4,No,10,7,7,2,1,6,2,1
340,52,No,22,2,Male,4,15924,6,No,4,4,4,3,2,4,1,4
341,30,No,24,5,Female,2,4929,6,Yes,8,8,1,2,2,3,3,1
342,19,No,25,4,Female,4,4164,4,Yes,18,6,6,1,2,1,4,1
343,27,No,17,3,Male,3,12405,3,No,18,9,4,2,2,5,3,3
344,41,No,10,3,Female,3,6833,4,No,12,2,2,2,6,3,2,2
345,41,No,12,2,Female,3,5373,4,No,4,4,4,1,1,6,2,2
346,31,No,1,4,Female,4,3426,9,No,14,2,2,2,2,2,3,1
347,52,No,24,1,Male,3,3280,9,Yes,12,12,12,1,2,2,1,1
348,42,No,26,5,Male,3,13824,3,No,14,7,7,2,2,5,2,3
349,55,Yes,25,4,Male,2,3519,2,No,17,4,4,1,1,2,1,1
350,47,Yes,3,3,Female,2,2346,1,No,2,0,0,2,1,2,1,1
351,54,No,21,4,Male,3,18519,3,No,13,9,9,1,2,9,1,4
352,53,No,29,2,Male,1,2240,5,No,5,3,3,1,5,2,1,1
353,29,Yes,25,3,Female,1,3395,9,No,7,7,7,2,1,2,3,1
354,42,No,25,2,Female,1,2977,5,Yes,20,20,11,1,2,6,2,1
355,40,No,16,3,Female,2,4585,4,No,10,10,7,2,1,2,2,1
356,38,No,21,2,Male,3,2764,5,No,12,3,3,3,2,2,2,1
357,41,No,4,4,Female,1,5913,2,Yes,4,4,4,1,2,6,2,2
358,56,No,23,1,Male,2,18092,6,No,5,5,5,2,6,9,5,4
359,29,Yes,18,1,Female,4,6442,1,Yes,25,25,6,1,2,3,3,2
360,52,No,21,4,Female,3,14541,3,No,11,4,4,1,1,9,1,3
361,45,Yes,27,1,Male,3,7617,0,Yes,19,8,8,2,4,6,2,2
362,29,No,20,4,Female,3,3749,0,No,4,0,0,2,1,2,3,1
363,38,No,23,2,Male,3,11960,3,Yes,4,4,4,2,2,5,2,3
364,24,No,5,4,Female,1,4295,8,No,3,0,0,2,1,3,4,1
365,19,No,19,5,Female,4,19600,3,No,11,6,6,2,1,9,4,4
366,30,No,28,1,Female,2,8795,4,No,20,0,0,2,2,5,3,2
367,47,No,20,2,Male,4,4731,4,No,11,11,11,2,2,2,1,1
368,54,Yes,28,1,Female,1,2721,5,No,11,5,5,1,2,3,1,1
369,25,No,25,1,Male,2,4876,8,No,6,1,1,2,2,3,4,1
370,32,Yes,13,3,Male,3,9793,9,No,18,2,2,2,2,6,3,2
371,43,No,1,2,Female,1,7856,0,No,5,0,0,2,4,6,2,2
372,58,No,20,5,Male,2,1514,7,No,17,7,7,2,1,2,5,1
373,40,No,14,3,Male,4,1352,4,No,8,8,2,3,2,2,2,1
374,40,Yes,20,1,Male,4,7624,5,No,1,0,0,2,1,6,2,2
375,32,No,21,1,Male,1,9172,7,No,3,3,3,2,5,4,3,2
376,43,No,4,4,Female,3,13914,0,Yes,40,40,14,2,1,8,2,3
377,54,No,12,5,Female,1,14594,7,No,12,10,10,2,5,5,1,3
378,40,No,18,2,Female,3,10315,8,No,18,0,0,1,2,6,2,3
379,44,No,23,5,Female,3,7877,8,Yes,12,2,2,3,2,3,2,2
380,52,No,6,4,Female,3,4798,4,No,6,3,1,2,2,6,1,1
381,35,No,7,1,Female,1,2626,4,No,22,22,2,2,4,2,3,1
382,47,No,19,4,Male,3,5997,7,No,6,2,2,1,2,3,1,2
383,40,Yes,14,1,Male,2,6999,2,No,9,2,2,1,2,6,2,2
384,55,No,24,1,Male,4,7649,1,No,7,0,0,2,3,3,1,2
385,35,No,14,1,Male,1,14024,5,No,11,5,3,2,2,9,3,3
386,39,No,8,3,Male,4,3124,1,No,13,13,5,3,2,6,2,1
387,42,No,28,2,Male,3,17960,8,Yes,11,8,8,2,1,9,2,4
388,55,No,26,4,Male,4,4818,2,No,5,5,5,2,2,3,1,1
389,36,No,8,5,Male,3,8847,2,Yes,18,8,3,2,5,4,2,2
390,38,No,23,5,Female,4,13494,3,No,12,12,12,2,4,8,2,3
391,32,No,23,5,Male,4,11425,1,Yes,14,4,4,1,1,4,3,3
392,29,No,2,3,Female,3,2337,6,No,6,6,5,2,2,1,3,1
393,22,No,10,1,Male,3,2209,7,No,13,0,0,3,4,2,4,1
394,20,Yes,17,4,Male,1,3365,8,No,19,5,0,2,1,3,4,1
395,32,No,23,2,Female,2,1141,7,No,19,1,1,2,1,2,3,1
396,33,No,1,1,Female,2,3596,2,No,14,4,4,2,1,3,3,1
397,53,No,28,3,Male,4,12421,1,Yes,14,14,10,2,2,4,1,3
398,38,No,14,1,Female,1,2045,6,Yes,10,10,3,2,1,3,2,1
399,44,No,24,2,Male,3,2761,5,No,10,10,10,2,4,1,2,1
400,21,No,18,3,Female,2,1906,7,No,3,0,0,1,2,2,4,1
401,28,No,16,4,Female,3,6224,5,Yes,16,4,4,2,2,6,3,2
402,43,No,12,3,Male,4,1707,5,No,16,4,4,1,2,3,2,1
403,29,Yes,9,5,Female,3,6422,5,No,18,4,4,2,2,6,3,2
404,58,No,8,2,Male,4,1000,2,No,9,3,3,1,1,3,5,1
405,44,No,25,1,Female,2,16384,1,Yes,0,0,0,1,2,8,2,4
406,55,No,20,5,Male,3,12116,4,No,18,0,0,1,2,5,1,3
407,35,No,20,1,Male,2,4566,7,No,11,11,11,1,1,2,3,1
408,52,No,6,2,Male,1,4371,6,No,5,5,0,1,1,1,1,1
409,26,No,8,5,Male,2,3371,1,No,17,1,1,3,1,6,3,1
410,36,No,8,3,Male,3,18082,2,No,12,2,2,2,3,8,2,4
411,33,No,29,4,Female,4,3256,3,No,8,1,1,2,3,3,3,1
412,45,Yes,18,5,Female,4,13414,0,No,24,24,9,1,4,4,2,3
413,48,No,23,3,Female,2,5569,0,No,13,13,13,1,1,3,1,2
414,40,No,3,4,Male,3,8234,4,No,17,17,9,2,4,6,2,2
415,52,No,17,2,Female,3,8669,4,No,15,0,0,2,4,6,1,2
416,42,No,1,1,Male,3,7303,7,No,19,8,8,1,1,3,2,2
417,36,No,2,5,Male,1,13218,2,No,16,2,2,2,2,5,2,3
418,56,No,3,2,Male,4,2103,1,No,14,14,14,1,2,3,5,1
419,42,No,21,3,Female,2,11896,7,No,14,14,0,1,4,8,2,3
420,31,No,14,1,Male,2,11959,5,Yes,6,4,0,3,1,6,3,3
421,28,No,24,2,Male,4,12846,2,Yes,14,7,7,2,1,5,3,3
422,36,No,6,2,Male,4,1755,8,Yes,9,9,9,1,4,6,2,1
423,37,No,4,1,Male,4,3727,6,No,13,4,4,1,2,3,2,1
424,51,No,22,2,Female,3,1000,7,Yes,3,2,2,1,2,3,1,1
425,52,No,1,1,Male,3,2793,2,No,5,5,5,2,1,2,1,1
426,39,No,2,1,Male,1,7802,2,No,15,1,1,2,1,3,2,2
427,51,No,7,1,Female,2,4314,4,No,7,5,5,1,1,3,1,1
428,39,No,24,1,Male,1,3874,5,Yes,18,8,8,2,3,2,2,1
429,33,No,20,5,Male,3,6530,0,No,3,1,1,2,2,3,3,2
430,54,Yes,4,3,Female,3,1160,5,Yes,5,2,2,1,1,2,1,1
431,33,No,11,2,Male,4,1000,3,No,11,11,11,3,2,3,3,1
432,45,No,22,3,Female,4,9400,6,No,6,6,6,2,2,6,2,2
433,31,Yes,25,1,Male,1,1235,8,Yes,11,1,1,2,1,3,3,1
434,31,No,2,5,Male,4,5283,5,No,13,13,12,3,3,2,3,2
435,38,No,22,3,Female,3,8648,6,No,21,21,0,1,2,6,2,2
436,50,No,15,1,Female,1,19999,2,Yes,16,0,0,1,2,5,1,4
437,21,No,11,5,Female,2,1000,0,No,7,7,7,1,2,6,4,1
438,29,No,19,4,Male,4,16609,0,Yes,4,4,2,2,2,9,3,4
439,19,Yes,27,1,Female,3,1814,3,Yes,8,5,5,1,1,2,4,1
440,40,No,23,5,Male,4,11134,7,Yes,16,3,3,1,2,4,2,3
441,38,No,28,5,Male,3,7000,9,No,14,5,5,2,2,7,2,2
442,58,Yes,18,3,Male,4,2325,2,No,20,0,0,2,2,2,5,1
443,38,No,28,5,Male,4,8994,0,Yes,17,0,0,1,1,6,2,2
444,34,Yes,17,4,Male,4,4697,8,No,10,10,8,1,1,2,3,1
445,44,No,27,3,Male,3,4024,6,Yes,13,3,1,2,4,6,2,1
446,31,No,8,3,Female,1,11521,9,No,12,5,5,3,2,5,3,3
447,32,No,2,2,Male,3,12363,5,Yes,15,15,13,2,1,4,3,3
448,27,No,6,4,Male,3,16384,0,No,7,6,6,3,1,8,3,4
449,35,No,6,4,Male,2,2778,2,No,8,1,1,2,2,6,3,1
450,25,Yes,4,2,Male,1,6249,9,No,12,2,2,2,2,6,4,2
451,18,Yes,29,5,Male,4,3416,2,Yes,4,3,3,1,4,1,4,1
452,37,No,4,4,Male,3,6655,1,Yes,4,4,4,2,5,4,2,2
453,44,No,22,4,Female,4,8981,1,No,19,19,14,2,2,6,2,2
454,37,No,28,1,Female,2,1237,8,No,8,2,2,2,3,2,2,1
455,26,No,28,2,Male,4,7984,5,No,18,3,3,2,3,6,3,2
456,28,No,10,1,Male,4,10158,6,No,14,2,2,3,1,8,3,3
457,28,Yes,21,2,Male,3,1000,8,No,9,3,3,2,3,2,3,1
458,36,No,24,5,Female,3,9152,0,Yes,10,3,3,1,5,3,2,2
459,34,No,25,1,Female,3,7843,6,Yes,16,1,1,2,2,6,3,2
460,27,No,13,2,Female,1,5811,7,Yes,9,2,1,2,1,3,3,2
461,49,No,25,4,Male,4,10472,9,Yes,3,3,0,2,1,4,1,3
462,50,No,19,2,Male,2,7084,2,No,7,0,0,1,1,6,1,2
463,46,No,14,1,Female,4,1000,3,No,14,8,8,1,5,3,1,1
464,44,No,10,2,Male,3,11361,7,No,7,1,0,2,2,4,2,3
465,27,No,11,2,Female,2,16375,8,No,12,11,10,1,2,8,3,4
466,28,No,27,4,Male,1,1842,0,Yes,7,4,4,2,2,2,3,1
467,38,Yes,22,2,Female,4,4997,9,No,15,3,0,2,1,2,2,1
468,33,No,19,5,Female,4,7132,4,No,7,0,0,2,1,6,3,2
469,35,No,25,2,Female,4,3537,1,No,15,5,4,1,2,6,3,1
470,60,Yes,6,5,Male,3,4611,3,No,9,1,1,1,3,2,5,1
471,31,No,10,2,Female,4,13009,8,Yes,20,7,7,2,5,5,3,3
472,44,No,5,3,Female,2,8253,0,Yes,9,9,6,2,1,6,2,2
473,34,No,23,2,Male,3,2366,2,No,17,17,2,2,4,7,3,1
474,40,No,3,3,Male,3,15305,5,Yes,10,6,2,1,4,4,2,4
475,32,Yes,19,4,Male,3,11453,3,Yes,15,6,5,2,2,4,3,3
476,38,No,6,5,Male,3,15499,2,Yes,20,2,2,2,5,9,2,4
477,44,No,14,5,Male,3,2512,3,Yes,20,20,0,2,1,6,2,1
478,42,No,22,4,Male,4,3144,6,No,17,4,1,3,1,3,2,1
479,60,No,5,1,Male,1,13476,5,Yes,14,3,3,2,2,4,5,3
480,37,No,25,1,Male,3,6434,9,Yes,17,17,17,1,2,6,2,2
481,55,No,17,4,Female,4,6433,1,No,20,3,2,3,2,3,1,2
482,25,Yes,4,5,Female,3,3019,2,No,4,4,4,2,1,6,4,1
483,35,Yes,2,5,Male,3,3141,9,No,1,0,0,2,1,1,3,1
484,30,No,17,2,Male,2,19999,1,Yes,18,5,5,2,1,9,3,4
485,26,Yes,12,5,Female,3,4152,4,Yes,10,5,5,2,1,1,3,1
486,39,No,18,3,Male,3,17828,1,Yes,17,1,1,2,2,9,2,4
487,41,Yes,13,4,Female,3,15853,0,Yes,9,2,0,1,1,5,2,4
488,27,No,23,3,Male,3,10037,7,No,12,12,1,1,2,5,3,3
489,18,No,3,3,Male,2,11046,1,No,14,2,2,1,2,6,4,3
490,47,No,25,4,Female,4,9939,8,No,1,1,1,1,2,6,1,2
491,30,No,20,2,Female,4,8015,9,No,5,2,2,1,2,6,3,2
492,36,No,17,4,Male,1,11874,9,No,13,2,2,2,4,6,2,3
493,43,No,29,2,Female,3,13417,7,No,5,5,5,2,2,6,2,3
494,34,No,4,1,Male,3,1400,8,No,7,5,5,2,3,2,3,1
495,30,No,17,2,Male,4,3673,2,No,10,5,5,2,1,2,3,1
496,43,No,18,1,Female,1,4443,3,Yes,17,12,12,2,3,1,2,1
497,44,No,13,2,Male,3,7826,6,Yes,19,1,1,1,2,3,2,2
498,45,No,1,1,Male,3,12683,0,No,18,3,3,1,5,5,2,3
499,43,No,12,4,Female,4,19776,5,No,19,17,8,2,1,8,2,4
500,35,Yes,1,1,Male,2,4736,1,No,7,7,4,1,1,6,3,1
501,48,No,7,1,Male,4,3889,5,No,14,1,1,1,1,1,1,1
502,39,Yes,23,2,Female,3,1448,0,Yes,3,1,1,2,2,6,2,1
503,47,No,9,5,Female,2,5146,2,No,13,4,4,3,4,6,1,2
504,51,No,3,2,Male,3,3303,2,No,7,3,3,2,1,2,1,1
505,33,No,8,5,Male,3,3351,2,No,13,2,2,2,3,2,3,1
506,34,No,6,3,Female,4,3591,2,No,9,8,8,3,2,7,3,1
507,41,No,25,4,Female,2,13753,7,No,15,0,0,2,2,4,2,3
508,45,No,19,5,Male,3,8440,2,Yes,20,8,5,2,1,3,2,2
509,31,No,11,3,Female,3,15244,9,No,5,3,1,1,3,5,3,4
510,28,No,23,2,Female,2,10801,5,No,16,6,6,2,1,4,3,3
511,35,Yes,20,3,Male,4,12770,1,Yes,14,11,4,2,3,9,3,3
512,36,No,17,4,Male,4,2864,6,No,11,1,1,2,2,2,2,1
513,45,Yes,16,2,Female,3,2376,0,No,11,0,0,2,5,2,2,1
514,26,No,11,5,Male,3,9942,8,Yes,18,5,5,1,1,6,3,2
515,32,No,16,2,Female,3,9514,5,No,11,2,2,2,1,6,3,2
516,38,No,15,4,Female,1,12340,4,No,17,5,5,2,6,6,2,3
517,35,No,5,3,Female,4,19999,7,Yes,15,8,8,1,4,5,3,4
518,44,Yes,23,5,Female,3,5607,0,No,20,6,6,1,2,3,2,2
519,38,No,6,4,Male,1,1134,7,Yes,12,3,3,2,2,1,2,1
520,43,Yes,10,3,Male,4,1000,0,No,12,1,1,2,2,1,2,1
521,43,No,6,3,Male,3,3939,4,No,18,4,4,1,4,7,2,1
522,28,No,14,1,Male,4,16016,8,No,6,3,3,1,1,9,3,4
523,55,No,19,1,Male,2,15470,2,No,14,10,3,2,2,8,1,4
524,32,No,22,5,Male,4,9184,9,No,6,6,6,3,3,6,3,2
525,43,No,7,2,Male,3,4331,1,Yes,19,0,0,1,6,2,2,1
526,43,Yes,20,2,Male,3,11847,1,No,18,1,1,1,2,5,2,3
527,40,No,17,1,Female,1,19999,5,Yes,3,0,0,1,2,8,2,4
528,41,Yes,14,4,Female,2,3192,8,No,7,4,4,2,1,1,2,1
529,28,No,17,4,Male,4,10717,4,No,17,17,1,1,2,9,3,3
530,36,No,9,1,Male,4,12381,1,No,2,0,0,2,1,4,2,3
531,36,Yes,18,2,Female,4,9402,7,Yes,17,7,7,1,1,4,2,2
532,39,No,12,3,Male,3,7054,3,No,2,1,1,2,4,6,2,2
533,49,Yes,15,3,Male,4,4317,7,Yes,14,2,2,2,1,3,1,1
534,47,No,18,4,Female,4,5598,5,No,5,5,5,1,1,6,1,2
535,30,No,16,2,Female,2,6856,9,No,11,0,0,1,2,6,3,2
536,39,No,18,4,Male,2,7461,1,No,16,12,9,1,1,4,2,2
537,32,Yes,4,2,Male,2,5901,2,No,9,3,3,2,3,2,3,2
538,26,No,15,2,Female,3,18783,2,Yes,12,9,7,1,2,9,3,4
539,39,No,5,2,Female,4,3266,4,No,8,3,3,1,2,2,2,1
540,54,No,6,1,Male,4,3032,0,No,6,2,2,1,2,6,1,1
541,35,No,14,3,Male,3,5518,3,No,7,7,0,2,2,2,3,2
542,56,No,28,4,Male,3,3378,3,No,12,6,6,2,2,3,5,1
543,47,No,22,5,Male,4,3659,5,No,3,3,3,2,1,2,1,1
544,56,No,13,1,Female,3,5914,7,Yes,17,3,3,2,5,3,5,2
545,33,Yes,20,4,Female,3,4326,1,No,25,25,6,2,3,3,3,1
546,29,No,26,1,Male,1,6707,4,Yes,9,5,5,1,3,6,3,2
547,35,No,28,5,Female,4,3037,9,Yes,12,1,1,1,3,2,3,1
548,35,No,15,4,Male,3,16278,4,No,3,2,2,2,2,5,3,4
549,33,No,29,1,Female,3,1777,1,No,17,17,9,1,1,2,3,1
550,42,No,18,5,Female,2,4708,0,No,20,20,14,2,2,2,2,1
551,39,Yes,9,3,Male,4,4333,6,No,12,12,1,1,2,2,2,1
552,32,No,28,3,Female,4,1000,6,No,4,2,2,2,2,6,3,1
553,34,No,18,2,Female,3,14795,7,Yes,14,9,9,1,1,4,3,3
554,51,Yes,8,5,Male,3,4276,1,No,21,21,9,2,4,6,1,1
555,53,No,4,2,Female,3,5035,9,No,7,7,7,2,2,3,1,2
556,28,Yes,26,1,Female,3,12732,6,Yes,6,0,0,2,4,4,3,3
557,41,No,21,4,Male,3,16711,7,No,20,4,4,1,4,8,2,4
558,44,No,4,3,Male,2,3794,9,Yes,12,12,12,1,3,1,2,1
559,31,No,28,3,Female,3,3674,2,Yes,17,7,7,3,4,2,3,1
560,34,Yes,7,5,Male,3,15440,2,No,19,4,4,1,2,8,3,4
561,39,No,20,4,Female,4,4241,1,Yes,14,2,2,1,2,3,2,1
562,58,No,11,3,Male,3,19999,1,No,3,2,2,2,1,9,5,4
563,45,No,10,5,Female,1,3420,8,No,6,2,2,1,2,6,2,1
564,28,No,25,4,Female,3,11625,7,Yes,6,2,2,2,2,5,3,3
565,41,No,23,3,Male,3,6583,5,No,15,15,5,3,4,5,2,2
566,22,Yes,8,3,Male,4,4508,7,Yes,10,10,6,3,4,3,4,1
567,45,No,13,2,Male,2,18994,3,No,16,1,1,2,2,5,2,4
568,57,No,21,4,Male,3,7387,9,No,12,10,5,1,6,6,5,2
569,37,No,9,3,Male,3,8016,0,No,15,0,0,2,1,3,2,2
570,28,No,3,2,Male,3,17538,7,Yes,1,1,1,1,2,9,3,4
571,43,No,26,4,Female,2,5038,8,Yes,17,17,4,2,2,3,2,2
572,38,No,9,5,Female,3,13796,2,No,10,8,8,1,1,9,2,3
573,50,Yes,13,4,Male,3,3142,3,No,6,6,1,3,2,1,1,1
574,29,No,2,3,Male,2,6432,8,Yes,1,0,0,2,1,6,3,2
575,33,No,20,2,Male,1,19999,3,No,20,8,8,1,4,9,3,4
576,33,No,21,5,Female,2,5272,4,No,18,0,0,3,2,3,3,2
577,41,No,28,3,Female,4,11827,0,No,18,15,0,2,3,4,2,3
578,36,No,7,1,Male,1,3456,3,Yes,3,1,0,1,2,7,2,1
579,29,Yes,2,1,Female,4,4518,3,No,10,2,2,2,5,2,3,1
580,50,No,3,1,Male,4,4194,1,Yes,14,6,6,2,2,7,1,1
581,40,Yes,15,2,Female,4,5649,4,Yes,20,0,0,2,3,2,2,2
582,48,No,28,4,Female,2,3603,8,Yes,11,2,0,2,5,2,1,1
583,45,No,4,3,Female,2,17475,6,No,3,3,3,2,2,8,2,4
584,55,No,29,4,Male,4,18709,0,Yes,7,0,0,2,2,8,1,4
585,38,Yes,27,4,Male,1,11020,3,Yes,1,0,0,1,2,4,2,3
586,35,No,4,5,Male,3,3550,3,No,3,1,1,1,1,3,3,1
587,26,No,7,2,Male,2,3372,1,No,17,2,2,1,1,1,3,1
588,50,No,5,1,Male,4,6305,1,Yes,8,8,7,1,2,3,1,2
589,52,No,19,4,Female,3,9611,2,No,7,4,4,2,1,5,1,2
590,32,No,18,5,Female,3,19014,7,No,18,18,5,2,2,5,3,4
591,43,No,1,3,Female,4,4681,3,No,7,7,7,2,3,2,2,1
592,41,No,25,4,Male,3,2259,0,No,16,2,1,2,2,6,2,1
593,45,Yes,27,1,Male,2,4923,6,No,19,1,1,1,4,3,2,1
594,40,No,24,3,Female,3,5244,8,No,16,6,6,2,6,2,2,2
595,43,No,12,2,Female,1,7830,6,No,22,22,11,2,1,4,2,2
596,49,Yes,14,4,Male,4,5916,4,No,4,1,1,1,2,3,1,2
597,29,No,23,2,Male,1,12107,5,Yes,3,0,0,1,2,8,3,3
598,41,Yes,8,2,Female,4,10905,2,No,6,0,0,2,5,4,2,3
599,43,Yes,14,2,Male,4,2005,5,Yes,3,3,3,2,5,3,2,1
600,34,No,8,5,Female,1,16146,5,No,10,0,0,1,1,9,3,4
601,40,No,12,3,Female,1,5138,4,No,7,7,3,1,1,6,2,2
602,45,No,12,1,Female,4,7292,4,No,16,9,9,1,2,3,2,2
603,40,No,6,1,Male,3,2018,4,No,20,1,1,2,1,2,2,1
604,51,Yes,27,5,Male,3,1147,6,Yes,4,0,0,1,4,2,1,1
605,32,No,7,3,Male,4,5355,4,No,2,2,2,3,3,6,3,2
606,29,No,5,3,Female,4,6850,0,No,14,3,3,3,2,3,3,2
607,42,No,2,2,Male,2,2940,4,No,10,1,1,2,1,2,2,1
608,37,No,11,3,Female,1,4884,1,No,8,8,8,2,2,7,2,1
609,49,No,23,2,Female,3,9631,6,No,20,1,1,2,1,6,1,2
610,36,No,11,4,Male,4,3682,0,No,9,3,3,2,2,2,2,1
611,27,No,14,3,Male,4,5908,0,Yes,7,7,4,3,2,3,3,2
612,44,No,17,2,Male,2,10522,2,No,5,0,0,1,2,3,2,3
613,26,No,3,4,Male,3,8785,3,Yes,17,0,0,3,2,4,3,2
614,20,No,7,1,Female,1,1000,6,No,8,8,2,3,1,2,4,1
615,24,No,9,3,Male,3,18738,4,No,5,5,5,1,1,9,4,4
616,30,No,17,4,Male,4,1401,9,No,20,2,2,2,1,3,3,1
617,40,No,21,2,Female,4,8070,0,No,14,8,3,2,2,4,2,2
618,46,No,13,2,Male,2,7411,7,No,10,10,10,2,1,3,1,2
619,28,No,20,3,Female,1,7222,4,No,2,2,2,3,3,3,3,2
620,48,No,6,3,Male,2,2674,9,No,1,1,1,3,2,2,1,1
621,44,No,3,5,Male,3,5480,8,Yes,16,8,7,1,4,3,2,2
622,52,No,21,3,Female,1,2183,7,No,14,1,1,2,2,2,1,1
623,34,No,3,4,Female,1,5948,3,No,15,2,2,2,2,6,3,2
624,30,Yes,7,1,Female,3,4349,9,Yes,11,1,1,1,2,6,3,1
625,41,No,22,3,Male,4,5759,4,No,16,4,2,1,4,3,2,2
626,54,No,20,1,Male,3,1000,6,No,7,7,7,2,3,2,1,1
627,54,No,13,5,Male,4,3393,4,No,20,20,16,2,2,2,1,1
628,36,No,19,4,Female,1,10108,0,No,13,13,13,2,3,6,2,3
629,32,No,15,1,Female,3,3874,5,Yes,2,0,0,2,3,3,3,1
630,30,Yes,17,1,Male,3,1000,8,No,18,2,2,2,2,6,3,1
631,41,No,29,1,Female,1,5059,1,No,9,5,5,2,2,6,2,2
632,45,No,4,5,Male,1,3204,7,Yes,11,11,0,2,1,2,2,1
633,39,No,22,4,Female,2,2087,6,No,11,0,0,1,1,3,2,1
634,39,Yes,20,5,Male,3,8331,0,Yes,17,8,8,2,2,6,2,2
635,22,No,20,3,Female,4,15150,5,No,0,0,0,2,1,9,4,4
636,49,No,19,2,Male,3,5671,2,Yes,6,6,6,2,4,3,1,2
637,60,Yes,11,2,Male,2,8779,9,No,9,0,0,2,5,6,5,2
638,56,No,18,3,Female,2,17289,2,No,13,13,13,1,4,8,5,4
639,42,No,9,4,Male,3,3178,4,No,27,27,9,2,1,6,2,1
640,39,No,16,5,Female,4,2478,2,No,11,11,4,2,2,3,2,1
641,29,No,29,1,Male,3,3281,3,Yes,11,7,0,2,1,2,3,1
642,27,Yes,7,2,Male,2,4310,6,Yes,12,0,0,1,3,3,3,1
643,52,No,11,1,Female,1,2746,2,Yes,9,0,0,2,4,7,1,1
644,35,No,10,1,Male,3,10991,7,No,10,1,1,2,2,4,3,3
645,44,No,1,1,Male,1,10562,8,No,7,4,4,2,1,5,2,3
646,27,No,16,1,Male,3,3017,9,Yes,2,2,2,1,1,6,3,1
647,39,No,6,2,Female,2,9299,7,No,5,5,0,2,3,6,2,2
648,45,No,26,3,Male,3,4095,0,No,19,19,8,1,3,7,2,1
649,21,No,2,5,Female,3,3855,0,No,1,1,1,1,1,3,4,1
650,54,No,10,5,Male,3,9714,2,No,4,1,1,2,1,6,1,2
651,42,Yes,16,3,Male,3,1000,1,No,16,3,3,2,1,3,2,1
652,33,No,25,5,Female,2,4204,5,No,22,22,0,1,3,2,3,1
653,45,Yes,21,2,Female,3,7871,8,Yes,15,1,1,2,2,3,2,2
654,29,Yes,6,5,Male,3,6669,1,Yes,3,2,2,1,1,6,3,2
655,40,No,23,2,Female,1,5162,3,No,14,4,4,2,1,6,2,2
656,27,No,20,4,Male,1,9053,0,No,17,10,10,2,1,4,3,2
657,22,No,22,2,Male,4,1961,5,No,27,27,3,2,2,1,4,1
658,29,Yes,29,5,Male,4,2689,1,No,3,3,0,1,4,2,3,1
659,31,No,22,2,Female,2,4858,1,Yes,15,0,0,2,2,6,3,1
660,21,Yes,25,5,Male,2,1871,4,No,19,2,1,3,2,3,4,1
661,40,No,14,4,Female,4,5581,6,No,4,2,1,2,4,3,2,2
662,33,No,29,5,Male,2,7660,2,No,24,24,4,2,1,4,3,2
663,42,No,18,5,Male,4,6675,6,No,3,3,3,2,2,6,2,2
664,41,No,13,2,Male,3,9316,6,Yes,14,13,8,2,2,5,2,2
665,40,No,21,5,Male,1,16633,4,No,12,2,2,2,3,8,2,4
666,36,No,22,4,Male,1,2263,5,Yes,13,13,12,2,5,3,2,1
667,47,No,9,5,Male,3,11338,2,Yes,19,11,11,2,3,6,1,3
668,52,No,29,3,Male,2,4919,2,No,20,6,0,2,3,2,1,1
669,37,Yes,15,1,Male,4,12306,0,No,7,7,7,2,2,5,2,3
670,36,No,13,3,Female,3,4720,7,No,20,1,1,1,2,2,2,1
671,45,No,24,3,Female,2,18376,7,No,7,1,1,2,2,9,2,4
672,37,No,26,2,Female,3,6369,8,Yes,5,2,2,2,3,3,2,2
673,40,No,4,4,Female,3,4996,3,No,7,3,3,2,2,7,2,1
674,60,No,20,3,Male,3,14819,2,Yes,13,13,9,1,5,5,5,3
675,34,No,28,4,Female,4,5036,5,No,19,5,2,2,6,3,3,2
676,31,Yes,22,1,Male,3,10978,4,No,5,0,0,3,2,4,3,3
677,41,No,10,1,Male,1,5040,7,No,8,4,4,2,4,6,2,2
678,50,No,29,1,Male,3,6469,4,Yes,17,6,6,2,2,6,1,2
679,28,Yes,1,4,Male,3,4288,1,Yes,18,1,1,2,2,2,3,1
680,40,No,3,5,Male,3,10731,5,No,10,1,1,2,2,4,2,3
681,53,No,25,5,Female,2,3412,3,No,11,5,2,2,3,2,1,1
682,53,No,26,5,Female,2,11293,2,No,8,8,8,1,2,8,1,3
683,26,Yes,14,4,Female,4,3662,2,Yes,9,6,5,2,5,2,3,1
684,41,Yes,15,5,Female,3,5588,3,No,18,7,7,2,2,4,2,2
685,34,No,11,2,Male,4,13590,2,No,13,7,5,3,1,9,3,3
686,39,No,29,2,Male,2,14750,5,Yes,18,6,6,2,5,8,2,3
687,50,No,12,1,Male,4,7454,8,No,20,5,2,2,3,4,1,2
688,44,No,24,3,Male,1,5127,7,No,1,1,1,1,3,3,2,2
689,31,No,11,3,Female,2,14332,7,Yes,13,5,0,1,2,8,3,3
690,27,No,8,4,Female,1,13636,0,Yes,14,13,0,2,2,9,3,3
691,53,No,8,1,Female,2,7469,3,No,12,12,12,1,2,3,1,2
692,45,No,2,3,Female,3,4188,6,No,16,16,5,2,2,2,2,1
693,21,No,23,5,Female,2,3238,7,No,14,7,3,3,2,6,4,1
694,43,No,14,3,Male,1,11327,2,No,2,2,2,2,3,5,2,3
695,33,No,27,4,Male,2,16561,2,Yes,8,8,7,2,2,9,3,4
696,39,No,22,3,Female,3,17558,7,No,8,8,7,2,4,4,2,4
697,26,No,23,5,Male,3,4000,3,No,9,4,4,3,2,6,3,1
698,40,No,12,2,Female,1,4348,5,Yes,5,5,3,2,2,7,2,1
699,30,No,12,4,Female,1,3044,2,Yes,13,2,2,2,2,2,3,1
700,31,No,17,3,Male,4,2998,8,No,18,3,3,2,2,3,3,1
701,30,No,1,3,Male,1,14751,6,No,3,3,3,1,5,5,3,3
702,31,No,11,3,Female,2,10164,0,Yes,20,1,1,2,1,4,3,3
703,33,No,27,1,Female,3,8809,8,No,11,10,10,2,2,3,3,2
704,34,No,15,2,Female,3,4511,1,No,7,5,1,1,2,6,3,1
705,34,No,9,2,Male,4,7428,7,Yes,16,0,0,2,1,6,3,2
706,48,No,16,4,Male,3,4077,1,No,3,3,2,2,1,2,1,1
707,37,No,5,1,Male,1,16330,7,No,11,11,11,3,1,9,2,4
708,53,Yes,26,3,Male,4,6414,2,No,33,33,14,2,1,3,1,2
709,53,No,12,4,Male,3,5144,2,Yes,15,15,15,2,2,2,1,2
710,50,No,18,3,Female,3,5546,5,No,10,10,10,3,2,2,1,2
711,30,Yes,6,4,Male,2,4901,8,No,6,6,6,2,3,6,3,1
712,38,No,6,5,Female,4,2271,0,No,14,0,0,2,3,2,2,1
713,40,Yes,5,2,Male,4,12090,3,Yes,2,0,0,3,2,5,2,3
714,52,No,22,5,Male,3,8768,4,No,5,1,0,1,3,6,1,2
715,52,No,23,3,Female,2,13491,7,No,15,15,5,1,1,8,1,3
716,38,Yes,20,4,Male,2,3723,2,No,13,13,2,3,1,2,2,1
717,32,No,20,2,Male,3,4974,7,Yes,15,5,2,2,3,3,3,1
718,35,No,15,5,Female,4,7345,2,No,12,1,1,1,1,6,3,2
719,40,No,5,2,Female,4,13355,1,No,13,4,4,3,2,5,2,3
720,57,No,26,2,Male,2,5978,6,Yes,9,3,0,1,1,3,5,2
721,35,No,5,4,Male,2,1000,1,No,1,1,1,3,2,2,3,1
722,26,No,8,5,Male,3,3154,0,Yes,17,6,5,1,2,2,3,1
723,42,No,22,2,Female,4,6544,2,No,14,3,3,1,1,6,2,2
724,41,No,26,5,Female,2,17772,3,No,8,5,5,2,1,9,2,4
725,24,No,24,1,Female,3,14481,0,Yes,17,4,3,3,4,8,4,3
726,59,No,3,4,Male,2,3671,6,Yes,23,23,14,1,4,2,5,1
727,34,No,6,1,Female,2,15636,6,Yes,13,0,0,2,1,5,3,4
728,48,Yes,2,1,Female,4,3621,7,No,9,9,9,2,2,3,1,1
729,36,No,10,1,Female,2,2148,5,No,8,8,8,2,2,1,2,1
730,28,No,3,1,Male,1,3595,9,No,8,1,1,2,3,6,3,1
731,27,Yes,2,1,Male,2,4354,0,No,19,6,6,1,4,2,3,1
732,32,No,21,2,Female,4,6658,7,No,3,3,3,2,5,6,3,2
733,43,No,25,1,Male,1,7677,7,Yes,7,7,7,2,1,4,2,2
734,37,No,18,3,Male,1,3164,9,No,5,2,2,2,2,2,2,1
735,39,Yes,21,5,Female,3,6855,9,No,4,4,4,2,1,6,2,2
736,41,No,19,5,Male,3,6604,7,No,4,4,2,2,2,4,2,2
737,35,Yes,17,2,Female,3,13616,4,No,16,0,0,2,2,9,3,3
738,41,No,11,1,Female,3,3314,5,Yes,25,25,5,2,1,3,2,1
739,27,No,17,5,Female,4,4401,0,Yes,0,0,0,2,2,3,3,1
740,33,No,11,5,Male,3,4859,3,No,14,14,8,2,1,6,3,1
741,37,No,6,2,Male,3,15651,0,No,20,1,1,2,4,9,2,4
742,46,Yes,24,3,Male,1,10631,0,No,12,12,9,2,1,4,1,3
743,40,No,9,3,Male,1,4204,9,No,16,3,3,2,5,3,2,1
744,32,No,9,5,Male,3,2258,2,Yes,22,22,1,1,2,1,3,1
745,30,No,27,4,Male,2,18831,7,No,10,1,1,1,4,9,3,4
746,28,No,23,2,Male,4,7966,7,Yes,13,13,7,2,1,3,3,2
747,42,Yes,3,3,Female,1,2602,9,No,17,2,2,1,2,6,2,1
748,46,No,11,2,Female,1,13906,1,No,12,3,3,2,2,8,1,3
749,36,No,24,3,Male,3,1493,0,Yes,18,18,18,3,2,2,2,1
750,45,Yes,26,1,Female,1,4418,7,No,15,4,4,2,5,2,2,1
751,39,No,15,4,Male,2,5093,3,Yes,10,4,3,3,1,3,2,2
752,33,No,21,4,Male,1,10288,0,No,18,6,1,1,1,5,3,3
753,37,Yes,11,1,Female,4,2625,9,No,6,6,6,2,1,1,2,1
754,41,No,18,5,Male,1,9886,6,No,9,4,4,1,2,5,2,2
755,52,Yes,9,4,Female,2,5811,9,No,12,2,2,2,1,6,1,2
756,33,No,14,2,Female,2,4248,4,No,14,1,1,2,1,2,3,1
757,29,Yes,4,5,Male,3,1940,7,Yes,5,2,2,3,2,2,3,1
758,48,No,2,1,Female,3,2829,1,No,14,5,5,1,2,3,1,1
759,26,No,6,3,Female,1,5433,0,No,19,1,1,2,1,2,3,2
760,37,No,23,1,Male,3,8469,2,No,16,6,6,1,5,6,2,2
761,32,No,4,1,Female,3,10681,9,No,1,1,1,2,2,6,3,3
762,32,No,28,5,Male,4,3048,9,Yes,13,13,0,1,2,3,3,1
763,44,No,15,5,Male,4,7579,4,No,12,12,12,2,6,4,2,2
764,45,No,15,1,Male,4,12767,9,Yes,14,2,2,2,3,5,2,3
765,26,No,22,1,Female,2,3566,2,No,4,2,2,2,2,3,3,1
766,38,No,18,2,Male,1,1172,9,Yes,8,8,6,3,1,1,2,1
767,31,No,8,4,Male,1,17182,0,No,18,7,2,2,5,4,3,4
768,39,No,15,1,Female,1,9630,1,No,15,2,2,3,2,4,2,2
769,29,No,7,2,Female,1,16336,7,No,20,5,3,2,4,9,3,4
770,38,No,16,3,Male,3,10414,1,No,2,1,1,2,2,8,2,3
771,46,No,9,5,Male,2,3158,1,Yes,20,1,1,2,2,2,1,1
772,33,No,18,5,Male,3,3034,2,Yes,8,2,2,3,1,2,3,1
773,40,No,28,4,Female,3,3626,5,No,18,6,6,1,1,2,2,1
774,27,No,27,2,Male,1,5694,7,No,3,1,1,2,2,6,3,2
775,29,No,26,4,Male,4,3679,2,Yes,18,4,4,2,3,3,3,1
776,31,Yes,10,5,Male,4,4085,6,Yes,16,3,3,1,5,3,3,1
777,31,No,16,2,Male,2,10314,2,No,10,0,0,2,4,8,3,3
778,44,No,2,5,Male,1,1357,0,No,16,16,14,2,2,1,2,1
779,46,No,25,5,Female,3,7364,5,No,11,0,0,2,1,6,1,2
780,42,No,20,3,Female,4,3346,9,No,18,18,10,2,1,6,2,1
781,31,No,6,4,Female,3,10384,7,No,13,0,0,2,2,6,3,3
782,39,No,20,2,Female,4,8195,8,Yes,21,21,5,2,1,3,2,2
783,46,No,22,3,Male,4,5194,2,Yes,12,12,12,2,1,6,1,2
784,24,Yes,6,1,Female,3,1321,2,Yes,14,5,5,3,4,1,4,1
785,36,No,13,3,Female,2,8770,1,Yes,11,3,0,2,1,3,2,2
786,49,Yes,22,1,Male,1,14999,0,No,3,3,3,3,2,9,1,3
787,30,No,8,1,Female,3,4467,2,Yes,15,0,0,2,1,2,3,1
788,43,No,10,3,Female,3,13224,9,Yes,11,11,11,2,6,4,2,3
789,53,No,2,4,Male,3,10453,2,No,13,6,6,1,2,3,1,3
790,42,No,9,4,Male,2,13901,7,No,15,0,0,3,2,8,2,3
791,44,No,12,2,Female,1,15786,9,No,4,1,1,1,4,9,2,4
792,48,No,14,1,Male,4,3671,1,No,36,36,12,2,2,3,1,1
793,32,No,18,2,Male,1,15745,7,Yes,15,4,4,2,2,4,3,4
794,35,No,17,2,Male,3,9471,1,Yes,11,11,11,1,1,4,3,2
795,34,No,11,3,Male,4,14777,5,No,1,0,0,2,2,9,3,3
796,32,No,16,3,Female,2,8208,3,No,22,22,0,1,6,5,3,2
797,43,No,26,1,Male,2,4322,4,Yes,14,14,3,2,1,6,2,1
798,32,Yes,14,1,Female,3,1882,7,No,13,3,3,2,2,2,3,1
799,55,Yes,15,2,Male,1,2334,1,No,4,3,3,1,5,2,1,1
800,36,No,20,4,Female,3,8018,7,Yes,10,0,0,3,1,4,2,2
801,35,Yes,18,4,Female,4,9473,0,Yes,6,2,2,2,3,3,3,2
802,33,Yes,17,1,Male,1,8851,7,No,4,3,3,2,2,6,3,2
803,41,No,10,3,Female,2,17371,0,No,17,5,5,2,2,5,2,4
804,30,No,2,3,Male,3,4280,2,Yes,17,5,5,2,4,2,3,1
805,38,No,21,3,Male,4,3401,0,Yes,11,9,1,2,2,7,2,1
806,52,Yes,28,4,Male,1,5718,5,No,5,5,1,2,4,2,1,2
807,37,No,21,3,Female,4,12910,5,Yes,7,0,0,1,2,5,2,3
808,36,No,16,2,Female,1,6311,3,No,12,2,2,1,2,3,2,2
809,51,No,15,2,Female,2,9800,2,Yes,21,21,0,2,1,4,1,2
810,26,No,1,2,Male,3,4806,6,No,18,4,2,3,1,3,3,1
811,34,No,5,2,Male,2,10106,7,No,15,1,1,2,1,4,3,3
812,18,No,10,1,Female,1,3239,4,No,8,0,0,1,1,6,4,1
813,52,No,5,5,Male,3,2475,7,No,7,4,4,1,3,2,1,1
814,38,No,27,5,Female,3,12269,5,No,12,0,0,2,2,8,2,3
815,21,No,11,3,Female,2,11133,2,No,7,1,1,2,2,4,4,3
816,44,No,9,2,Male,3,19999,3,No,16,0,0,2,1,8,2,4
817,38,No,18,1,Male,1,7269,1,No,7,2,2,2,2,6,2,2
818,26,No,19,1,Female,4,4083,5,Yes,19,0,0,2,4,2,3,1
819,43,No,16,3,Male,4,14995,1,Yes,17,8,8,2,3,4,2,3
820,30,No,12,4,Male,3,12463,5,Yes,20,20,6,2,2,5,3,3
821,41,No,4,1,Male,4,1878,1,No,4,2,1,2,2,2,2,1
822,43,Yes,14,5,Male,1,5174,6,No,6,1,1,2,1,2,2,2
823,55,No,8,1,Male,1,4688,8,No,8,0,0,2,1,7,1,1
824,43,No,26,4,Female,3,8881,0,Yes,14,2,2,3,4,6,2,2
825,44,Yes,4,2,Male,1,3935,8,No,13,13,13,2,1,1,2,1
826,40,No,10,3,Female,2,16412,7,Yes,7,0,0,2,1,5,2,4
827,41,No,13,3,Female,4,9811,4,No,18,0,0,3,4,6,2,2
828,36,No,5,2,Male,2,19309,9,Yes,11,11,11,2,2,9,2,4
829,30,Yes,1,5,Female,2,3509,8,No,17,5,5,2,1,2,3,1
830,23,No,10,1,Female,4,9164,6,No,6,1,1,1,2,6,4,2
831,53,No,29,2,Male,2,15856,6,Yes,2,1,0,1,1,9,1,4
832,50,Yes,26,1,Female,3,7038,0,No,4,4,4,1,2,3,1,2
833,18,No,27,1,Male,1,14769,2,No,12,0,0,2,1,9,4,3
834,39,Yes,8,1,Female,2,17146,4,No,14,14,0,1,2,9,2,4
835,50,No,26,2,Male,3,2414,2,No,7,0,0,2,1,6,1,1
836,37,No,1,5,Male,4,19999,1,No,19,19,16,1,2,9,2,4
837,42,No,8,1,Male,1,4020,7,Yes,18,2,2,1,2,1,2,1
838,48,No,13,1,Male,2,11716,0,Yes,16,7,7,2,3,6,1,3
839,40,No,8,1,Male,3,4192,8,No,13,4,4,3,1,6,2,1
840,37,No,3,4,Male,4,4056,5,Yes,17,2,2,1,1,3,2,1
841,60,No,24,1,Male,2,2216,5,No,9,3,3,3,2,3,5,1
842,36,No,16,3,Male,4,11504,4,No,3,0,0,1,4,4,2,3
843,41,No,17,1,Female,1,4879,0,No,12,6,6,3,2,2,2,1
844,30,Yes,3,4,Female,1,9818,1,No,4,1,1,2,2,6,3,2
845,43,Yes,9,3,Male,3,6903,8,Yes,8,2,2,2,1,2,2,2
846,47,No,2,2,Female,2,10565,2,No,19,11,1,2,1,4,1,3
847,29,Yes,5,5,Female,2,14992,7,No,17,17,5,1,2,5,3,3
848,55,No,13,1,Female,4,5763,4,Yes,19,16,3,3,4,3,1,2
849,33,No,3,4,Female,2,12274,3,No,6,4,4,2,2,4,3,3
850,53,No,11,3,Male,3,4066,0,No,3,3,3,2,1,3,1,1
851,38,No,26,4,Male,1,1299,1,No,13,5,5,1,2,1,2,1
852,39,Yes,11,4,Male,4,10687,5,No,18,0,0,2,2,4,2,3
853,52,No,24,1,Male,3,1812,0,No,13,5,5,3,2,2,1,1
854,34,Yes,9,3,Female,3,3613,4,No,4,4,1,2,2,2,3,1
855,30,No,22,5,Female,3,5347,6,No,14,0,0,2,2,2,3,2
856,42,No,7,4,Female,4,3237,9,No,6,3,3,2,2,3,2,1
857,59,No,20,4,Male,4,12803,9,Yes,12,10,6,2,4,5,5,3
858,39,No,17,3,Female,1,7907,6,Yes,13,13,12,1,2,3,2,2
859,38,No,7,1,Male,3,9085,0,No,13,3,3,2,2,4,2,2
860,44,No,4,4,Male,3,11861,2,Yes,9,9,9,2,4,4,2,3
861,28,No,9,4,Female,3,5908,2,Yes,14,2,2,1,1,2,3,2
862,44,Yes,16,2,Male,2,7924,0,Yes,16,1,1,1,1,6,2,2
863,32,No,15,5,Female,3,4075,7,No,9,0,0,2,3,6,3,1
864,31,No,18,3,Male,3,14441,3,No,19,10,9,1,3,5,3,3
865,35,No,16,5,Male,3,17106,7,No,26,26,11,2,2,9,3,4
866,21,No,6,1,Male,1,4506,3,No,14,1,1,3,1,3,4,1
867,36,No,4,5,Male,3,3411,3,No,17,5,5,2,1,1,2,1
868,39,No,24,1,Male,4,18793,2,No,11,0,0,1,2,9,2,4
869,26,No,3,4,Male,1,15720,4,No,4,3,3,2,1,5,3,4
870,32,No,13,2,Male,4,16217,2,No,19,4,4,1,1,8,3,4
871,43,No,11,1,Male,1,1492,0,No,10,10,7,1,1,6,2,1
872,28,Yes,7,4,Male,1,8636,8,Yes,11,10,7,3,2,6,3,2
873,40,Yes,18,1,Female,4,10929,6,No,15,4,4,2,2,5,2,3
874,52,No,21,3,Male,1,12667,8,Yes,5,5,5,2,2,5,1,3
875,26,No,28,5,Male,1,9984,2,No,12,2,2,3,2,3,3,2
876,47,Yes,19,1,Male,4,16333,1,Yes,18,13,10,1,2,8,1,4
877,36,No,10,5,Male,2,11130,5,No,15,3,3,1,5,8,2,3
878,39,Yes,17,5,Male,4,10261,0,No,14,1,1,1,2,6,2,3
879,56,No,22,2,Female,1,6447,8,Yes,17,8,8,1,2,4,5,2
880,32,No,11,1,Male,2,2301,2,No,9,2,2,1,1,1,3,1
881,36,Yes,28,5,Male,1,12349,0,No,17,9,9,2,3,6,2,3
882,28,No,5,1,Female,3,13459,0,Yes,4,0,0,1,2,5,3,3
883,42,No,5,5,Male,2,2289,8,No,3,1,1,2,5,1,2,1
884,39,No,21,1,Male,4,2233,2,No,20,8,7,3,2,3,2,1
885,44,No,4,2,Female,1,4854,0,Yes,7,0,0,2,2,2,2,1
886,54,No,28,3,Male,4,3831,5,No,12,0,0,3,1,3,1,1
887,32,No,16,1,Male,3,9732,0,No,12,4,4,3,2,6,3,2
888,43,No,7,2,Male,2,8621,2,No,15,15,5,2,5,4,2,2
889,28,No,12,2,Male,4,3050,9,No,20,20,5,2,2,1,3,1
890,45,No,15,2,Male,3,1621,8,No,3,3,3,2,1,2,2,1
891,26,No,6,4,Male,1,5106,5,Yes,17,17,12,2,2,6,3,2
892,29,Yes,14,3,Male,1,5635,6,No,3,1,1,2,3,2,3,2
893,22,No,11,5,Female,4,3357,7,No,10,0,0,1,1,2,4,1
894,42,No,1,5,Female,3,15874,7,No,2,1,0,1,3,9,2,4
895,30,No,16,2,Female,2,5439,1,No,19,8,8,2,5,6,3,2
896,38,Yes,16,5,Male,1,9364,2,No,22,22,11,2,1,4,2,2
897,23,Yes,21,1,Female,1,1000,8,No,14,10,10,2,5,3,4,1
898,45,No,23,2,Female,2,4656,0,No,4,4,4,1,2,6,2,1
899,37,No,16,5,Female,2,10334,8,No,12,12,7,3,4,6,2,3
900,40,Yes,12,4,Female,3,4287,9,No,2,0,0,2,3,2,2,1
901,41,No,4,3,Male,3,4806,1,No,3,1,0,2,2,3,2,1
902,23,Yes,15,2,Female,1,7691,3,No,12,12,10,2,2,5,4,2
903,45,No,27,2,Male,1,7114,6,No,18,2,2,2,1,6,2,2
904,49,No,14,5,Female,4,4310,3,No,17,9,9,3,2,3,1,1
905,47,No,20,1,Female,3,6572,9,No,14,14,10,2,1,6,1,2
906,40,No,2,5,Male,1,4281,0,No,4,4,4,1,2,3,2,1
907,53,No,29,4,Male,2,2793,8,No,1,1,1,1,2,7,1,1
908,37,Yes,29,1,Female,4,7177,1,Yes,20,20,13,2,4,6,2,2
909,55,No,9,5,Male,1,3664,4,No,3,0,0,2,1,2,1,1
910,19,No,19,3,Male,4,10759,8,Yes,16,15,7,2,1,6,4,3
911,51,No,25,5,Male,4,2863,6,Yes,16,4,4,1,1,4,1,1
912,46,No,13,2,Male,4,5706,3,No,13,4,4,1,2,2,1,2
913,23,No,17,3,Male,4,8773,3,No,17,8,2,3,1,3,4,2
914,39,No,3,2,Male,4,1000,0,No,12,12,9,3,1,3,2,1
915,26,No,20,3,Female,2,19999,6,No,10,3,3,2,1,8,3,4
916,50,No,25,5,Female,1,4480,5,No,15,3,3,1,1,1,1,1
917,28,Yes,11,3,Male,2,10114,6,Yes,7,6,6,2,1,5,3,3
918,34,No,19,4,Female,3,17616,3,No,11,3,3,2,2,9,3,4
919,50,No,22,1,Male,2,4311,4,No,3,3,1,2,2,2,1,1
920,49,No,20,3,Female,3,6228,9,No,1,1,1,2,2,3,1,2
921,41,No,1,5,Female,3,10981,4,Yes,14,1,1,1,2,4,2,3
922,36,No,9,3,Male,4,15293,5,No,7,7,7,2,4,5,2,4
923,39,No,21,5,Female,2,5592,9,No,11,2,2,2,1,7,2,2
924,35,Yes,28,1,Male,3,3636,4,Yes,6,3,0,2,4,7,3,1
925,50,No,1,1,Female,3,3319,8,No,3,0,0,3,2,1,1,1
926,35,Yes,7,4,Female,4,5047,2,Yes,8,4,4,2,2,6,3,2
927,35,Yes,10,2,Male,4,3809,1,No,5,0,0,2,3,6,3,1
928,27,No,11,2,Female,1,14787,1,No,3,1,1,2,4,8,3,3
929,39,No,15,1,Female,4,5749,4,No,19,5,5,2,1,3,2,2
930,39,No,7,4,Male,3,1144,4,Yes,9,5,5,2,2,1,2,1
931,55,No,3,2,Male,4,7110,5,No,20,2,2,2,2,2,1,2
932,30,No,1,4,Male,2,9637,0,Yes,4,1,1,2,1,6,3,2
933,57,No,21,5,Male,1,14874,2,No,11,9,9,2,3,5,5,3
934,22,No,19,4,Male,2,13509,7,No,4,4,4,2,2,9,4,3
935,27,No,15,1,Male,3,1000,7,Yes,5,5,5,2,2,6,3,1
936,48,No,23,5,Male,4,10719,5,No,10,2,2,1,1,5,1,3
937,28,No,1,1,Male,4,3073,0,No,10,8,0,1,2,2,3,1
938,51,No,3,2,Male,3,8919,9,No,12,8,8,2,2,3,1,2
939,45,Yes,19,1,Male,1,2272,0,Yes,1,1,1,2,1,2,2,1
940,52,No,4,1,Male,1,3684,7,No,24,24,16,2,2,2,1,1
941,50,No,18,2,Male,2,14794,5,No,10,10,10,2,2,5,1,3
942,54,Yes,5,1,Male,2,1824,4,No,6,6,3,1,2,1,1,1
943,47,Yes,9,3,Male,2,8402,2,No,10,0,0,2,2,6,1,2
944,30,No,21,1,Male,1,3931,6,No,6,6,6,2,4,2,3,1
945,31,No,4,2,Male,4,7739,3,Yes,2,0,0,2,2,3,3,2
946,28,Yes,19,5,Male,2,2787,4,Yes,12,3,0,2,4,1,3,1
947,54,Yes,12,2,Male,4,2488,6,Yes,17,16,15,2,1,3,1,1
948,35,No,8,4,Female,1,15987,3,Yes,12,12,12,2,1,8,3,4
949,45,No,6,2,Female,3,14556,4,No,14,5,5,1,5,8,2,3
950,50,Yes,27,5,Female,3,2379,8,Yes,12,6,2,3,1,3,1,1
951,43,No,22,2,Male,3,3258,0,No,13,4,1,2,3,6,2,1
952,45,No,10,2,Male,2,5190,4,No,20,10,10,1,2,3,2,2
953,38,No,20,2,Male,3,3726,9,No,6,2,0,2,2,6,2,1
954,46,No,14,2,Female,2,5845,7,No,6,1,1,2,2,6,1,2
955,41,No,29,4,Male,2,2478,0,No,16,16,7,2,2,3,2,1
956,37,No,18,2,Female,4,9243,4,No,14,7,7,2,1,3,2,2
957,48,No,22,5,Female,2,19999,7,No,15,5,1,1,1,8,1,4
958,54,No,19,4,Female,1,6631,2,No,5,3,3,1,4,6,1,2
959,33,No,16,5,Male,4,4000,6,Yes,12,7,7,2,5,6,3,1
960,43,Yes,16,5,Female,3,5098,1,Yes,2,1,1,2,4,2,2,2
961,41,No,4,4,Male,2,2992,1,No,10,10,10,3,4,3,2,1
962,39,Yes,25,1,Male,3,1979,3,No,31,31,13,2,2,1,2,1
963,42,No,29,4,Male,1,9877,8,No,6,1,1,3,4,6,2,2
964,40,No,29,3,Male,1,5307,6,Yes,20,0,0,3,1,3,2,2
965,26,No,7,5,Female,4,9410,3,No,15,14,14,2,3,4,3,2
966,45,No,21,5,Male,2,7293,0,No,13,0,0,1,3,3,2,2
967,40,Yes,5,4,Female,4,2153,3,No,15,5,5,2,2,3,2,1
968,27,No,19,2,Female,1,8538,3,No,14,0,0,2,1,3,3,2
969,43,No,23,1,Male,3,7983,9,No,3,3,3,1,1,4,2,2
970,43,Yes,1,5,Male,3,8396,6,No,4,4,3,3,1,3,2,2
971,36,No,27,1,Male,1,8874,3,Yes,19,19,4,2,2,6,2,2
972,44,No,2,2,Male,3,3300,1,Yes,0,0,0,2,2,6,2,1
973,40,No,25,1,Female,2,5416,7,No,6,2,2,3,4,3,2,2
974,28,No,18,1,Female,4,1571,5,Yes,5,0,0,2,2,3,3,1
975,33,No,9,2,Female,1,6467,5,No,16,16,14,2,2,6,3,2
976,45,No,3,4,Male,2,6099,9,No,14,2,2,1,1,3,2,2
977,30,Yes,24,1,Female,1,7552,6,No,13,6,6,2,4,4,3,2
978,42,Yes,1,3,Male,4,6682,0,No,5,0,0,2,1,2,2,2
979,24,Yes,25,1,Female,3,17927,9,No,17,4,2,2,2,9,4,4
980,36,No,25,1,Male,2,1748,5,No,11,7,7,2,2,2,2,1
981,41,Yes,18,4,Female,3,5672,9,No,12,2,2,1,3,2,2,2
982,50,No,11,2,Male,3,8833,6,No,5,5,5,2,2,5,1,2
983,31,Yes,10,5,Male,3,5678,7,Yes,2,2,2,2,1,6,3,2
984,26,No,18,3,Male,3,17603,0,Yes,12,3,3,2,3,9,3,4
985,56,No,16,1,Female,3,13318,0,No,12,0,0,1,1,5,5,3
986,41,No,27,4,Male,4,18415,2,No,13,2,2,2,2,9,2,4
987,58,No,22,3,Female,3,5128,2,No,3,3,3,1,1,3,5,2
988,36,Yes,7,2,Male,3,1929,8,Yes,9,5,3,1,1,3,2,1
989,29,No,13,2,Male,2,9512,6,No,14,14,14,3,2,6,3,2
990,53,No,26,4,Female,4,12274,9,No,9,9,9,1,2,4,1,3
991,57,No,25,2,Male,4,15992,8,Yes,1,1,1,2,2,8,5,4
992,46,Yes,8,3,Female,4,6518,2,No,11,11,11,3,2,7,1,2
993,33,No,13,1,Female,2,10776,8,Yes,2,2,2,2,2,5,3,3
994,26,No,12,1,Male,4,10552,6,No,8,2,2,1,2,3,3,3
995,55,No,4,5,Male,1,9182,1,No,8,0,0,2,1,4,1,2
996,26,No,4,5,Male,2,9388,1,No,18,11,5,3,4,3,3,2
997,29,No,22,4,Male,4,7251,4,No,5,0,0,2,4,6,3,2
998,37,Yes,28,3,Male,3,4510,0,No,8,2,1,2,1,6,2,1
999,19,No,10,1,Male,3,2509,0,No,8,8,8,2,1,2,4,1
1000,45,No,7,1,Male,2,2729,5,No,9,2,2,2,2,2,2,1
1001,41,No,13,2,Male,1,3690,7,No,13,13,13,2,1,1,2,1
1002,28,No,10,1,Male,3,9214,5,No,9,9,9,3,2,6,3,2
1003,60,Yes,23,4,Female,2,3001,1,No,14,3,3,1,4,2,5,1
1004,47,Yes,25,1,Male,3,3468,1,No,3,3,3,2,1,3,1,1
1005,29,Yes,24,2,Female,4,3631,8,No,20,1,1,3,2,2,3,1
1006,51,No,12,3,Male,3,17869,4,No,35,35,18,1,4,9,1,4
1007,46,No,16,4,Male,4,1000,9,No,5,4,4,2,2,2,1,1
1008,24,No,5,5,Female,3,5607,3,No,18,3,3,2,5,3,4,2
1009,41,No,29,1,Female,1,15591,2,No,17,6,5,2,1,5,2,4
1010,32,Yes,5,1,Female,2,3191,7,No,10,0,0,1,5,2,3,1
1011,28,No,25,4,Male,2,4274,3,No,15,5,1,2,2,3,3,1
1012,38,No,20,3,Female,3,6295,8,Yes,16,3,3,2,2,5,2,2
1013,47,No,19,3,Male,4,8749,5,No,6,2,2,2,3,6,1,2
1014,58,Yes,24,3,Male,3,1000,5,Yes,2,1,1,3,1,2,5,1
1015,26,No,27,1,Male,2,2888,4,No,4,4,0,1,1,3,3,1
1016,59,No,24,1,Male,4,6685,5,Yes,18,3,3,1,4,6,5,2
1017,58,No,24,4,Female,4,4094,0,No,15,0,0,2,2,6,5,1
1018,54,Yes,25,1,Female,4,5236,8,Yes,19,3,3,1,4,3,1,2
1019,24,No,23,3,Female,3,3533,9,No,14,1,1,2,1,3,4,1
1020,22,No,13,2,Male,2,5242,3,No,14,8,8,2,5,3,4,2
1021,39,Yes,17,1,Male,4,1759,3,No,7,3,2,1,3,1,2,1
1022,43,No,28,4,Male,4,3994,2,No,16,0,0,1,2,2,2,1
1023,44,No,14,5,Male,1,3210,4,No,14,1,0,3,2,3,2,1
1024,36,Yes,3,2,Male,3,2885,3,No,14,14,14,2,4,1,2,1
1025,46,No,28,1,Female,3,3471,6,No,15,7,2,3,1,6,1,1
1026,38,No,20,2,Male,4,6596,8,Yes,9,9,7,1,2,6,2,2
1027,52,No,10,1,Female,1,4812,5,Yes,10,0,0,2,4,2,1,1
1028,50,No,16,1,Male,1,3037,5,Yes,11,7,7,2,4,2,1,1
1029,29,No,22,1,Male,4,5439,9,Yes,13,7,1,3,4,2,3,2
1030,38,Yes,12,3,Female,3,1937,3,No,11,11,4,3,1,3,2,1
1031,44,No,8,5,Female,4,14289,2,No,16,2,2,1,2,8,2,3
1032,42,Yes,13,4,Male,4,3798,7,No,8,0,0,2,1,7,2,1
1033,41,No,2,2,Male,1,15757,6,Yes,3,3,1,2,4,5,2,4
1034,36,No,12,3,Male,2,6864,8,Yes,11,11,11,1,2,3,2,2
1035,47,No,7,5,Female,3,1923,9,Yes,13,0,0,2,4,6,1,1
1036,36,No,26,4,Male,1,8156,7,No,19,6,6,1,4,6,2,2
1037,38,No,17,5,Male,2,4004,1,No,13,1,0,2,1,7,2,1
1038,49,No,14,5,Female,4,4925,4,Yes,1,0,0,2,1,6,1,1
1039,38,No,18,4,Male,3,4127,7,Yes,16,0,0,2,1,7,2,1
1040,41,No,4,4,Male,1,6818,4,No,5,1,1,2,4,4,2,2
1041,36,No,5,5,Male,1,3422,2,Yes,5,5,5,1,1,2,2,1
1042,55,Yes,10,3,Female,1,8690,6,No,12,12,11,2,3,4,1,2
1043,25,No,21,4,Male,1,3014,8,Yes,18,1,1,1,5,6,4,1
1044,28,Yes,22,2,Female,3,9938,5,Yes,5,2,2,1,3,4,3,2
1045,53,Yes,8,2,Male,2,3929,3,No,17,17,14,2,1,3,1,1
1046,26,Yes,12,5,Female,3,2441,6,Yes,1,1,1,2,2,2,3,1
1047,51,No,23,2,Female,1,4416,4,No,16,16,5,1,2,2,1,1
1048,40,No,23,1,Male,3,7544,0,No,11,11,5,1,2,6,2,2
1049,59,No,28,2,Female,1,13414,9,Yes,4,4,0,2,1,6,5,3
1050,37,No,17,3,Male,3,13813,6,Yes,8,8,8,3,2,6,2,3
1051,45,No,10,4,Male,2,2055,0,No,13,0,0,1,1,6,2,1
1052,48,No,13,5,Male,3,6975,5,No,26,26,5,3,2,6,1,2
1053,41,No,5,2,Male,3,6571,6,No,8,8,8,1,1,6,2,2
1054,27,No,6,2,Male,3,10660,6,Yes,8,2,2,2,2,6,3,3
1055,52,No,20,4,Male,3,16279,1,No,15,15,15,2,4,9,1,4
1056,50,No,21,5,Female,4,7334,8,No,17,0,0,1,5,3,1,2
1057,43,No,9,1,Female,4,5174,1,Yes,20,20,11,3,1,6,2,2
1058,32,No,18,2,Male,1,16427,4,Yes,5,1,1,2,2,5,3,4
1059,42,No,5,5,Male,1,12226,4,No,5,0,0,2,3,5,2,3
1060,55,No,24,3,Female,4,5136,9,No,18,1,1,2,4,7,1,2
1061,38,No,8,1,Male,3,3068,0,No,7,5,5,2,1,3,2,1
1062,54,No,4,2,Female,4,11585,6,Yes,15,0,0,1,1,5,1,3
1063,34,No,17,3,Female,2,5948,3,No,3,1,1,2,1,6,3,2
1064,39,No,2,2,Female,4,8016,6,No,12,2,2,1,2,6,2,2
1065,28,No,3,5,Male,2,4000,1,Yes,2,0,0,2,2,2,3,1
1066,20,No,9,1,Male,3,2453,5,No,17,0,0,1,2,2,4,1
1067,29,No,10,1,Female,3,3015,3,No,11,0,0,2,1,3,3,1
1068,44,No,13,3,Female,1,7907,5,No,10,10,7,3,1,6,2,2
1069,43,No,20,2,Female,3,1350,5,No,8,1,1,1,2,2,2,1
1070,30,No,9,2,Male,2,6787,8,Yes,8,0,0,3,4,2,3,2
1071,45,No,11,5,Male,3,5475,6,Yes,7,0,0,2,2,3,2,2
1072,47,No,20,1,Male,1,17555,8,No,16,16,7,2,6,9,1,4
1073,36,No,5,5,Male,1,15314,7,No,16,4,4,1,2,8,2,4
1074,39,No,28,3,Male,4,3825,1,No,6,0,0,2,2,3,2,1
1075,33,Yes,26,4,Male,3,2035,9,No,18,4,4,1,1,2,3,1
1076,32,No,5,4,Male,4,12926,0,No,12,0,0,3,2,4,3,3
1077,26,No,8,3,Male,3,4093,8,No,8,0,0,1,1,6,3,1
1078,54,No,21,3,Female,3,8365,7,No,5,3,1,2,3,3,1,2
1079,34,No,24,5,Male,3,5686,7,No,9,9,9,3,3,3,3,2
1080,27,No,2,5,Male,4,3725,5,No,9,9,9,2,1,2,3,1
1081,36,No,17,4,Male,4,11955,9,Yes,15,11,10,2,1,8,2,3
1082,32,No,29,4,Female,3,2601,6,No,11,2,2,3,1,2,3,1
1083,28,No,7,4,Male,3,2961,2,Yes,20,3,3,2,2,2,3,1
1084,52,No,26,1,Male,3,3613,3,No,7,0,0,2,5,7,1,1
1085,47,No,9,2,Female,3,10281,8,No,11,11,11,1,2,6,1,3
1086,28,No,2,5,Male,1,8314,7,Yes,10,5,0,3,3,4,3,2
1087,26,No,13,4,Female,2,1501,3,No,25,25,1,2,4,2,3,1
1088,49,No,12,4,Male,3,9297,3,No,9,4,4,1,2,3,1,2
1089,36,Yes,18,3,Male,4,2876,1,No,10,0,0,3,2,1,2,1
1090,48,Yes,20,3,Male,3,12685,9,No,4,1,0,2,2,5,1,3
1091,55,Yes,12,5,Female,2,5545,7,No,3,3,3,2,1,3,1,2
1092,46,No,27,2,Male,1,15415,5,No,6,6,3,2,1,8,1,4
1093,26,No,8,3,Male,3,1000,2,Yes,17,0,0,2,5,3,3,1
1094,33,No,26,2,Female,4,2381,0,No,5,2,0,3,1,6,3,1
1095,39,No,22,4,Male,4,4285,8,Yes,4,4,4,2,2,1,2,1
1096,33,No,18,1,Female,4,11299,7,No,9,3,3,2,4,5,3,3
1097,39,Yes,10,2,Female,2,4015,9,No,12,2,2,1,2,2,2,1
1098,53,No,11,1,Male,4,5455,1,No,11,11,4,2,2,3,1,2
1099,33,Yes,3,5,Male,2,5719,6,Yes,6,6,6,1,2,7,3,2
1100,43,No,28,2,Male,1,5186,7,Yes,18,7,3,2,1,7,2,2
1101,27,No,12,3,Male,4,3063,5,Yes,19,3,3,2,1,1,3,1
1102,41,No,27,4,Male,2,19309,3,No,20,8,7,1,2,9,2,4
1103,46,No,3,5,Female,2,8929,8,Yes,6,0,0,2,2,4,1,2
1104,55,No,14,5,Female,2,1793,3,No,19,7,7,2,1,2,1,1
1105,41,No,18,3,Male,1,1735,6,No,14,12,5,3,2,2,2,1
1106,34,Yes,23,5,Female,4,3460,3,No,11,7,7,2,1,3,3,1
1107,26,No,4,5,Female,4,19999,8,No,15,15,15,1,2,5,3,4
1108,32,No,18,3,Male,3,19267,6,No,6,0,0,2,2,9,3,4
1109,52,No,25,5,Female,3,5704,1,Yes,15,4,4,2,1,3,1,2
1110,48,No,5,3,Female,3,4379,9,No,8,1,1,2,4,1,1,1
1111,36,No,27,1,Male,1,11393,1,No,8,8,2,3,1,4,2,3
1112,26,No,1,2,Male,3,19300,5,Yes,34,34,10,2,3,9,3,4
1113,29,No,7,2,Female,1,4547,4,No,4,4,1,1,6,2,3,1
1114,36,No,6,1,Female,4,6150,4,No,3,1,1,3,2,3,2,2
1115,57,No,21,2,Female,3,13731,0,No,26,26,2,3,1,6,5,3
1116,58,No,7,5,Male,3,11474,9,No,5,1,0,2,1,4,5,3
1117,44,No,28,1,Male,2,14866,9,No,20,2,2,2,1,4,2,3
1118,46,No,14,1,Female,2,1000,8,No,5,0,0,2,1,2,1,1
1119,26,Yes,29,4,Male,2,2367,3,No,2,2,2,3,4,1,3,1
1120,38,No,23,4,Male,4,9607,4,No,16,11,11,2,1,8,2,2
1121,43,No,15,5,Female,2,8265,7,No,13,13,7,2,1,4,2,2
1122,33,Yes,9,4,Female,3,11479,2,Yes,4,4,4,1,2,5,3,3
1123,37,No,2,2,Female,2,17699,6,No,11,1,1,2,3,9,2,4
1124,34,No,27,2,Male,2,7251,1,No,40,40,6,2,4,3,3,2
1125,54,No,29,3,Female,1,5463,3,No,13,12,12,3,3,3,1,2
1126,32,No,16,3,Male,3,8395,7,Yes,2,2,0,2,1,6,3,2
1127,19,Yes,19,1,Male,3,2676,9,No,11,4,4,3,2,3,4,1
1128,19,No,16,3,Male,3,3341,1,No,3,3,3,2,2,3,4,1
1129,41,No,22,4,Female,2,6058,1,Yes,4,2,2,2,2,6,2,2
1130,42,No,9,4,Male,3,7293,3,Yes,12,9,9,1,2,6,2,2
1131,35,No,2,3,Male,3,17001,3,No,10,10,10,1,4,9,3,4
1132,47,No,21,5,Male,4,7130,5,Yes,18,0,0,2,5,3,1,2
1133,31,No,13,3,Male,3,12438,8,No,5,3,3,1,1,6,3,3
1134,27,No,9,2,Female,3,4275,1,No,20,3,3,1,4,3,3,1
1135,46,No,7,3,Male,3,1686,2,No,19,0,0,2,2,2,1,1
1136,48,No,7,2,Male,2,2693,1,No,13,2,2,2,2,2,1,1
1137,60,No,20,5,Male,4,13881,7,No,18,18,9,2,4,4,5,3
1138,55,No,22,2,Female,2,1792,0,No,16,0,0,3,2,6,1,1
1139,45,No,19,2,Female,4,13938,5,No,5,3,3,2,5,5,2,3
1140,36,No,22,4,Female,3,5596,2,No,15,6,6,1,2,3,2,2
1141,34,No,16,2,Male,3,2490,3,Yes,14,0,0,3,2,1,3,1
1142,33,No,9,1,Male,4,5776,2,No,8,8,8,2,1,6,3,2
1143,47,No,8,1,Male,3,6368,0,No,16,6,6,1,3,3,1,2
1144,31,No,25,3,Female,4,8676,0,No,9,7,5,2,4,6,3,2
1145,27,No,17,3,Female,2,1000,9,No,6,3,3,1,4,3,3,1
1146,37,No,15,3,Male,1,3663,1,No,19,1,1,2,2,3,2,1
1147,27,No,11,1,Male,3,2055,2,Yes,10,10,6,1,2,1,3,1
1148,45,No,10,1,Female,2,2261,3,No,7,5,5,2,1,2,2,1
1149,35,No,11,5,Male,4,19999,1,No,16,1,1,2,1,9,3,4
1150,40,No,7,5,Female,2,5633,3,No,10,0,0,2,6,2,2,2
1151,44,No,10,2,Female,4,7109,0,No,11,10,7,2,2,5,2,2
1152,36,Yes,3,2,Male,1,8274,2,No,3,1,1,2,5,4,2,2
1153,52,No,5,4,Female,2,5622,1,No,9,3,0,2,4,4,1,2
1154,32,No,9,5,Male,1,14221,4,No,12,12,3,2,2,9,3,3
1155,40,Yes,7,3,Female,4,3826,4,No,14,3,3,1,1,2,2,1
1156,34,No,28,4,Male,3,5165,5,No,18,1,1,1,4,3,3,2
1157,47,Yes,27,1,Female,3,3727,6,No,16,16,13,1,1,1,1,1
1158,47,Yes,2,1,Female,4,2554,4,Yes,5,1,1,2,2,2,1,1
1159,36,No,7,5,Female,2,14550,0,No,12,12,12,1,2,5,2,3
1160,52,No,15,3,Male,3,2716,1,No,6,6,6,2,2,6,1,1
1161,42,Yes,11,1,Male,3,2878,2,Yes,10,10,3,3,3,1,2,1
1162,54,No,6,4,Male,3,12327,3,No,5,5,5,2,2,5,1,3
1163,48,No,21,4,Male,2,15567,4,No,9,0,0,3,2,9,1,4
1164,35,No,11,5,Male,3,11782,0,No,17,3,3,3,4,4,3,3
1165,45,No,15,5,Female,3,6574,5,Yes,18,2,2,3,5,3,2,2
1166,55,No,12,2,Male,3,4040,8,Yes,14,14,8,3,1,2,1,1
1167,30,No,7,5,Female,3,1000,7,No,11,0,0,3,2,1,3,1
1168,53,No,25,5,Male,4,5325,5,No,1,0,0,1,1,6,1,2
1169,26,Yes,29,3,Female,3,1246,3,No,1,1,1,2,1,1,3,1
1170,42,No,16,4,Female,1,9514,8,Yes,17,17,4,1,1,6,2,2
1171,55,No,18,1,Male,2,13418,2,No,11,11,11,2,2,5,1,3
1172,43,No,16,4,Male,1,5138,6,No,2,0,0,3,4,3,2,2
1173,30,No,11,2,Female,4,5578,8,No,9,8,2,2,1,3,3,2
1174,25,No,20,1,Female,1,6035,3,No,8,8,8,1,2,3,4,2
1175,38,No,24,1,Male,3,8694,4,No,9,9,4,2,2,4,2,2
1176,28,No,28,4,Male,4,12375,4,No,20,14,5,3,4,8,3,3
1177,45,No,13,3,Male,2,1197,6,Yes,7,7,7,1,4,6,2,1
1178,45,No,10,2,Male,3,6624,5,No,18,14,4,1,2,3,2,2
1179,59,Yes,13,5,Male,2,3224,1,No,18,0,0,2,5,7,5,1
1180,27,No,6,4,Male,2,8104,6,No,5,3,2,1,1,5,3,2
1181,28,No,21,1,Female,2,2551,3,No,15,2,2,1,3,7,3,1
1182,23,No,18,2,Male,2,15765,1,No,11,0,0,2,4,9,4,4
1183,40,No,1,5,Male,3,6138,0,No,12,12,12,3,2,6,2,2
1184,45,No,26,3,Female,2,6122,6,Yes,16,0,0,3,2,3,2,2
1185,37,No,11,2,Female,4,3750,4,No,7,0,0,3,3,2,2,1
1186,41,No,19,5,Male,3,15200,6,Yes,8,8,8,1,1,5,2,4
1187,26,Yes,7,2,Male,2,10082,2,No,18,1,1,1,1,6,3,3
1188,32,No,26,2,Male,4,14370,4,Yes,10,10,10,2,6,6,3,3
1189,40,No,23,5,Male,3,15456,2,No,16,8,8,1,1,5,2,4
1190,57,No,10,2,Female,3,8869,6,Yes,15,11,11,3,2,6,5,2
1191,29,No,20,3,Female,1,8784,3,Yes,7,1,1,2,2,4,3,2
1192,29,No,18,2,Male,3,11234,3,No,4,3,3,1,2,6,3,3
1193,36,Yes,12,4,Male,3,10834,9,No,10,4,2,2,1,6,2,3
1194,33,No,6,1,Female,4,6448,5,No,6,2,2,1,4,3,3,2
1195,41,No,18,4,Male,3,3439,6,No,4,4,4,3,2,6,2,1
1196,43,No,5,2,Female,1,18347,7,No,5,5,0,2,2,5,2,4
1197,60,No,20,5,Male,2,3664,7,Yes,7,7,4,1,1,1,5,1
1198,46,No,14,1,Male,2,10911,4,No,4,1,1,2,1,5,1,3
1199,39,No,3,1,Female,2,9051,5,Yes,13,3,3,2,5,6,2,2
1200,23,No,16,3,Male,3,5979,0,No,6,6,4,1,1,2,4,2
1201,44,No,21,1,Female,3,15006,4,Yes,5,5,1,1,1,5,2,4
1202,51,No,5,2,Male,1,3509,0,Yes,0,0,0,2,2,3,1,1
1203,40,No,16,5,Female,4,6563,5,No,5,2,2,2,1,4,2,2
1204,42,No,3,4,Female,1,4849,1,Yes,16,8,8,2,1,2,2,1
1205,20,No,19,5,Female,1,12656,5,Yes,16,4,4,2,4,4,4,3
1206,42,No,12,1,Male,1,1332,6,No,1,1,1,2,2,7,2,1
1207,36,No,28,4,Male,2,4547,9,No,7,4,4,1,1,2,2,1
1208,52,No,23,1,Female,2,13350,5,No,20,2,2,2,3,4,1,3
1209,30,No,8,1,Male,1,2113,6,No,12,12,8,3,1,2,3,1
1210,38,No,19,2,Male,3,17737,0,No,13,0,0,3,1,9,2,4
1211,28,No,19,1,Female,4,6918,7,No,11,8,8,1,1,3,3,2
1212,48,No,16,4,Female,3,4653,6,No,2,2,0,1,2,6,1,1
1213,38,No,25,5,Male,3,19688,9,Yes,16,16,8,2,1,9,2,4
1214,52,No,8,3,Male,1,2938,4,Yes,18,3,3,2,1,2,1,1
1215,49,No,13,3,Male,2,19507,8,Yes,3,3,1,2,1,9,1,4
1216,52,No,21,3,Female,4,2602,0,No,7,7,7,3,4,2,1,1
1217,60,No,9,1,Male,3,5293,7,No,17,4,4,2,1,6,5,2
1218,28,No,4,3,Female,1,4617,5,No,0,0,0,2,1,2,3,1
1219,34,No,26,2,Male,4,7466,8,No,13,12,12,1,1,6,3,2
1220,33,No,9,2,Female,3,7386,7,No,15,1,1,1,1,7,3,2
1221,50,No,13,3,Female,4,19999,0,Yes,13,8,8,2,1,9,1,4
1222,49,No,20,2,Female,3,4289,6,Yes,9,0,0,1,2,2,1,1
1223,30,No,4,1,Male,4,6247,0,No,15,4,4,2,4,3,3,2
1224,30,No,25,1,Male,1,17548,4,No,12,11,11,3,2,9,3,4
1225,36,No,17,5,Male,3,6932,0,No,7,7,4,2,4,6,2,2
1226,43,No,6,2,Male,3,6554,9,Yes,10,0,0,2,4,6,2,2
1227,24,No,10,5,Male,3,6974,7,No,19,7,7,2,1,6,4,2
1228,36,No,3,1,Male,4,13811,1,No,3,0,0,1,3,4,2,3
1229,31,No,14,2,Male,3,2680,9,No,9,9,9,1,6,3,3,1
1230,30,No,9,5,Female,3,3789,4,Yes,19,2,2,3,4,2,3,1
1231,54,No,9,4,Female,3,1000,9,Yes,6,1,0,3,3,3,1,1
1232,34,No,16,5,Male,3,18731,5,No,2,1,1,2,5,9,3,4
1233,55,No,25,1,Female,1,5050,6,No,10,2,2,2,1,3,1,2
1234,28,No,3,1,Female,3,3295,8,No,16,2,2,2,5,6,3,1
1235,33,No,18,5,Female,2,8465,9,No,5,5,5,1,2,4,3,2
1236,19,No,12,4,Male,3,14926,6,No,4,3,3,2,4,5,4,3
1237,40,No,23,2,Male,3,4946,2,Yes,9,6,6,2,2,3,2,1
1238,48,No,5,3,Female,4,6023,4,No,11,1,0,1,1,2,1,2
1239,28,No,21,1,Male,2,3007,5,No,31,31,13,1,2,1,3,1
1240,47,No,18,2,Male,1,5304,2,No,3,3,3,2,2,6,1,2
1241,53,No,13,1,Male,3,7400,3,No,9,4,4,3,1,4,1,2
1242,34,No,20,4,Male,4,5872,4,No,6,6,1,2,1,3,3,2
1243,49,No,5,2,Female,3,5712,1,No,19,8,6,1,2,4,1,2
1244,49,No,13,2,Male,3,18649,8,Yes,13,1,1,2,5,9,1,4
1245,31,No,21,4,Male,1,13444,9,Yes,9,9,5,1,2,5,3,3
1246,21,No,8,3,Male,4,2535,7,No,20,3,0,3,1,2,4,1
1247,29,No,3,2,Male,4,3644,3,No,2,1,1,3,4,3,3,1
1248,42,No,26,2,Female,2,2679,8,No,17,1,1,2,1,2,2,1
1249,36,No,1,5,Female,3,5379,0,No,11,11,2,2,1,6,2,2
1250,37,No,29,4,Male,4,2209,5,No,3,3,3,2,3,2,2,1
1251,60,No,9,4,Male,2,8531,5,No,16,0,0,1,3,6,5,2
1252,41,No,28,4,Male,2,12972,4,No,5,4,4,1,1,4,2,3
1253,39,No,9,3,Female,3,5471,3,No,12,5,5,3,1,6,2,2
1254,48,No,28,3,Female,2,4182,7,Yes,6,5,5,2,5,6,1,1
1255,39,No,15,4,Male,4,18160,4,No,5,2,2,1,1,9,2,4
1256,38,No,27,1,Female,2,9141,0,No,18,8,8,1,2,6,2,2
1257,50,No,14,5,Male,2,17572,3,No,18,1,1,1,4,9,1,4
1258,53,No,2,3,Male,3,2232,9,No,9,5,1,2,2,2,1,1
1259,27,No,16,2,Male,4,1929,0,No,11,3,3,2,1,1,3,1
1260,44,No,5,5,Male,1,4265,0,No,13,1,1,2,1,6,2,1
1261,35,No,4,2,Male,3,3535,6,Yes,6,6,6,3,4,3,3,1
1262,45,No,2,4,Female,2,5191,4,No,7,1,1,2,1,7,2,2
1263,40,No,22,1,Male,2,1000,1,No,13,0,0,2,2,3,2,1
1264,20,No,24,3,Male,4,2472,3,No,16,11,11,2,2,3,4,1
1265,32,No,14,1,Male,1,3156,5,No,34,34,18,2,1,3,3,1
1266,37,No,19,4,Female,4,19833,1,Yes,20,1,1,3,2,5,2,4
1267,33,No,10,4,Female,3,11610,5,Yes,9,3,3,2,4,6,3,3
1268,34,No,8,1,Male,1,2149,9,No,5,1,1,2,1,2,3,1
1269,19,No,24,2,Female,2,6734,0,No,7,7,7,1,1,3,4,2
1270,45,No,22,4,Male,3,12173,7,Yes,2,2,2,1,4,4,2,3
1271,38,No,21,5,Female,3,9042,3,No,5,3,3,2,2,5,2,2
1272,31,No,11,4,Male,3,1000,7,Yes,8,3,2,3,1,6,3,1
1273,37,No,23,2,Male,2,9850,6,Yes,9,9,9,2,1,3,2,2
1274,27,No,2,3,Female,4,8726,7,Yes,15,2,2,3,1,6,3,2
1275,32,No,10,5,Female,1,5017,5,No,18,7,6,2,1,2,3,2
1276,35,No,13,3,Male,3,12689,0,Yes,9,9,9,2,2,4,3,3
1277,43,No,17,5,Female,2,4238,6,No,20,12,1,3,5,6,2,1
1278,37,No,15,4,Female,2,6664,0,No,3,0,0,1,1,6,2,2
1279,40,No,21,2,Male,3,3274,2,No,16,3,3,2,3,1,2,1
1280,39,No,7,1,Male,2,4116,0,No,7,3,3,2,2,2,2,1
1281,56,No,25,3,Female,3,10351,4,No,18,0,0,1,1,5,5,3
1282,48,No,11,3,Male,2,4570,9,No,12,12,7,2,2,7,1,1
1283,30,No,29,3,Female,3,11291,8,No,4,4,4,2,2,4,3,3
1284,27,No,9,2,Male,4,1672,7,No,13,2,2,2,2,2,3,1
1285,40,No,7,1,Male,2,16141,3,No,11,2,1,2,2,9,2,4
1286,46,No,5,3,Male,2,15099,6,No,6,1,1,1,2,8,1,4
1287,26,No,2,1,Female,3,5596,3,No,6,1,1,2,2,7,3,2
1288,51,No,24,1,Female,3,5743,7,No,11,4,4,3,4,2,1,2
1289,45,No,22,5,Male,1,9174,4,No,15,0,0,2,1,6,2,2
1290,34,No,6,3,Male,1,6110,7,No,9,6,4,2,3,3,3,2
1291,42,No,27,4,Male,2,19524,0,No,14,6,2,2,2,8,2,4
1292,44,No,2,4,Female,4,16534,0,No,1,0,0,2,5,8,2,4
1293,58,No,6,4,Male,3,2082,3,No,7,6,2,3,2,3,5,1
1294,32,No,21,5,Male,2,18620,4,No,11,8,8,1,1,8,3,4
1295,34,No,29,3,Male,2,4716,7,No,14,2,2,3,2,6,3,1
1296,43,No,20,5,Female,1,1000,1,No,2,2,2,2,1,7,2,1
1297,41,No,9,5,Female,2,5562,8,Yes,11,11,3,1,2,2,2,2
1298,34,No,20,5,Male,3,9471,1,No,31,31,14,3,2,4,3,2
1299,41,No,9,2,Male,3,2755,7,Yes,5,0,0,2,2,3,2,1
1300,35,No,4,5,Male,2,15372,4,No,12,2,2,2,3,5,3,4
1301,42,No,16,5,Female,3,1865,4,No,6,6,6,2,2,1,2,1
1302,26,No,26,5,Male,3,10088,5,No,12,0,0,2,2,6,3,3
1303,35,No,13,4,Male,3,4131,3,No,19,19,7,1,1,7,3,1
1304,47,No,6,4,Female,1,3156,5,No,8,3,3,2,2,2,1,1
1305,41,No,27,1,Male,4,14003,4,Yes,15,15,11,1,1,8,2,3
1306,36,No,28,2,Female,1,3773,0,No,14,14,7,1,2,2,2,1
1307,41,No,22,3,Male,3,16675,9,No,3,0,0,2,1,4,2,4
1308,49,No,25,1,Male,4,11465,2,No,11,10,2,3,1,5,1,3
1309,50,No,10,2,Male,2,8628,7,No,12,1,1,1,1,3,1,2
1310,43,No,6,3,Female,1,13765,0,No,11,0,0,2,2,5,2,3
1311,46,No,16,4,Male,4,9112,6,No,2,1,1,1,2,6,1,2
1312,55,No,28,3,Male,1,5115,8,Yes,12,0,0,2,1,7,1,2
1313,25,No,11,3,Female,1,9411,8,No,6,4,4,3,2,6,4,2
1314,40,No,18,5,Female,4,2680,9,No,8,1,1,2,2,6,2,1
1315,26,No,29,5,Male,2,2823,5,Yes,7,0,0,2,2,7,3,1
1316,23,No,21,5,Female,1,1510,5,No,6,6,6,1,2,6,4,1
1317,46,No,2,2,Female,3,3609,9,Yes,5,1,1,1,4,2,1,1
1318,41,No,3,4,Female,3,4392,2,No,11,11,3,2,1,6,2,1
1319,37,No,8,5,Male,1,5159,7,No,6,2,2,1,1,3,2,2
1320,36,No,19,1,Male,4,13346,7,No,19,0,0,2,2,8,2,3
1321,36,No,10,2,Female,1,2736,4,No,4,4,4,1,3,6,2,1
1322,36,No,18,4,Female,3,4343,7,No,20,2,2,2,2,6,2,1
1323,52,No,13,5,Male,2,13123,0,No,14,1,1,2,1,4,1,3
1324,39,No,20,1,Male,2,3449,8,No,11,0,0,2,5,3,2,1
1325,41,No,23,2,Male,3,3577,2,Yes,19,19,15,1,4,6,2,1
1326,35,No,27,1,Male,4,1000,8,No,8,8,0,2,2,6,3,1
1327,37,No,6,3,Female,4,4308,5,No,15,15,12,2,3,2,2,1
1328,37,No,29,5,Female,1,3016,3,No,12,0,0,2,3,2,2,1
1329,53,No,7,1,Female,3,5770,3,No,14,0,0,3,2,3,1,2
1330,18,No,26,2,Male,2,3826,0,No,27,27,6,3,2,3,4,1
1331,29,No,4,5,Female,2,10123,2,No,17,8,0,1,2,4,3,3
1332,47,No,16,4,Male,4,18109,5,No,1,1,1,2,2,9,1,4
1333,34,No,17,4,Female,3,1000,2,No,2,1,1,2,2,2,3,1
1334,47,No,16,4,Male,4,7698,1,No,3,2,2,2,2,3,1,2
1335,59,No,6,1,Male,4,3383,0,No,12,7,7,2,3,2,5,1
1336,38,No,19,5,Male,4,2912,4,No,16,1,1,3,1,1,2,1
1337,30,No,21,2,Female,1,13297,6,No,4,4,4,3,1,4,3,3
1338,36,No,7,1,Male,4,11176,1,Yes,8,3,3,2,4,5,2,3
1339,24,No,2,4,Male,2,15038,3,No,13,13,5,2,1,8,4,4
1340,42,No,8,3,Male,1,17826,4,No,18,18,11,1,1,8,2,4
1341,40,No,21,2,Male,2,5978,8,Yes,2,2,2,1,2,3,2,2
1342,39,No,13,1,Female,4,6197,3,No,15,15,5,1,1,6,2,2
1343,25,No,7,3,Female,3,19727,9,No,3,3,3,1,4,9,4,4
1344,42,No,13,5,Male,3,1393,7,Yes,11,1,1,2,6,3,2,1
1345,32,No,23,5,Male,3,17056,1,No,4,4,4,1,2,9,3,4
1346,26,No,29,4,Male,3,9449,6,No,16,1,1,2,1,5,3,2
1347,43,No,13,5,Female,1,19999,0,No,17,3,3,2,2,8,2,4
1348,52,No,10,5,Male,4,13197,5,Yes,12,3,3,1,2,6,1,3
1349,43,No,1,1,Male,3,4498,2,Yes,9,5,0,3,2,2,2,1
1350,43,No,1,2,Female,3,4195,5,Yes,14,6,2,2,2,2,2,1
1351,29,No,18,1,Female,4,7539,1,No,16,1,1,2,1,6,3,2
1352,36,No,6,5,Female,2,16123,9,No,16,16,2,1,1,8,2,4
1353,40,No,2,1,Female,4,3125,7,No,15,4,4,2,2,2,2,1
1354,54,No,20,1,Male,4,4437,6,No,12,8,7,1,5,6,1,1
1355,30,No,13,4,Female,4,6690,4,No,5,5,5,2,1,6,3,2
1356,26,No,5,3,Male,1,9491,1,No,19,2,2,2,1,6,3,2
1357,52,No,28,3,Male,3,2460,4,Yes,11,6,6,1,1,2,1,1
1358,30,No,3,4,Female,2,4364,7,Yes,11,9,9,2,1,2,3,1
1359,22,No,14,4,Male,2,2323,0,No,4,4,4,2,1,3,4,1
1360,45,No,17,4,Male,1,7415,2,No,14,3,3,1,2,3,2,2
1361,41,No,27,2,Male,3,8476,5,Yes,14,4,3,1,6,3,2,2
1362,30,No,7,1,Male,3,3781,8,Yes,16,3,3,1,1,3,3,1
1363,41,No,27,1,Male,2,2814,5,No,13,0,0,2,4,2,2,1
1364,28,No,26,5,Male,3,7671,9,No,8,5,5,2,2,6,3,2
1365,40,No,29,3,Male,4,5850,1,Yes,4,4,4,1,3,5,2,2
1366,30,No,15,5,Male,4,5781,2,No,12,9,9,1,1,6,3,2
1367,36,No,20,2,Male,2,6182,1,Yes,17,17,15,2,2,3,2,2
1368,47,No,3,2,Female,2,17202,2,No,5,5,5,3,2,9,1,4
1369,53,No,7,3,Female,4,2728,6,No,20,0,0,1,2,6,1,1
1370,26,No,15,5,Male,3,7286,2,Yes,19,5,3,2,2,3,3,2
1371,38,No,3,4,Male,2,9691,5,No,4,4,4,2,2,4,2,2
1372,51,No,27,2,Male,1,14714,0,No,13,4,0,2,1,9,1,3
1373,28,No,9,3,Male,2,9630,0,Yes,10,10,4,1,3,4,3,2
1374,43,No,5,5,Male,1,5029,9,No,7,7,7,1,1,6,2,2
1375,57,No,18,2,Female,4,3528,3,No,11,11,11,1,1,2,5,1
1376,51,No,2,2,Male,3,8448,3,No,19,9,9,1,5,5,1,2
1377,28,No,1,2,Female,4,9792,2,No,3,0,0,3,2,5,3,2
1378,37,No,23,5,Male,4,2361,2,No,12,4,4,2,2,1,2,1
1379,42,No,1,5,Female,1,4377,3,No,12,1,1,2,4,2,2,1
1380,53,No,18,5,Female,4,2777,2,No,10,0,0,2,2,3,1,1
1381,46,No,2,4,Female,4,10410,1,No,16,1,1,2,2,6,1,3
1382,40,No,18,2,Male,3,2577,1,Yes,9,0,0,2,3,1,2,1
1383,27,No,23,2,Male,1,2768,3,No,2,1,1,2,3,2,3,1
1384,29,No,5,4,Female,1,13477,5,Yes,8,4,4,3,2,5,3,3
1385,47,No,9,1,Male,3,15766,9,Yes,9,5,5,3,2,5,1,4
1386,36,No,14,3,Male,3,4675,8,No,2,2,0,2,1,3,2,1
1387,42,No,23,5,Female,4,2821,8,Yes,18,0,0,2,6,2,2,1
1388,26,No,20,3,Female,3,4644,6,Yes,24,24,3,3,1,6,3,1
1389,38,No,2,4,Male,1,5951,3,Yes,22,22,8,3,2,7,2,2
1390,34,No,4,3,Female,4,3675,0,Yes,7,1,1,3,1,3,3,1
1391,60,No,13,1,Male,4,6240,2,No,17,4,4,2,3,4,5,2
1392,40,No,7,5,Male,3,2910,1,Yes,7,1,1,2,1,2,2,1
1393,53,No,10,2,Male,4,8226,5,No,16,0,0,2,4,3,1,2
1394,35,No,2,3,Female,2,1974,6,No,13,6,6,2,1,1,3,1
1395,21,No,26,3,Male,3,17532,8,No,3,0,0,1,2,5,4,4
1396,47,No,26,1,Male,3,6360,5,No,5,1,1,1,2,6,1,2
1397,52,No,14,3,Male,1,19999,2,No,11,3,3,2,2,9,1,4
1398,40,No,7,3,Male,1,14464,9,No,17,1,1,2,3,4,2,3
1399,47,No,12,2,Male,4,5985,0,No,5,4,4,2,1,4,1,2
1400,34,No,2,3,Male,4,18296,5,Yes,16,0,0,2,1,5,3,4
1401,43,No,22,2,Female,1,5718,9,No,14,7,7,2,2,3,2,2
1402,49,No,2,4,Female,3,4905,0,No,17,3,3,3,1,3,1,1
1403,59,No,8,5,Female,1,7658,3,No,19,6,0,2,1,6,5,2
1404,21,No,15,3,Female,3,17976,2,No,7,1,1,2,1,8,4,4
1405,56,No,23,2,Male,2,6620,4,No,8,4,4,2,1,2,5,2
1406,43,No,13,1,Male,4,9999,7,Yes,14,0,0,1,1,4,2,2
1407,32,No,12,5,Female,1,18560,3,No,13,1,1,1,2,8,3,4
1408,34,No,17,3,Male,2,5229,2,Yes,7,0,0,1,1,3,3,2
1409,36,No,17,2,Male,1,2287,3,Yes,8,8,1,1,2,2,2,1
1410,36,No,24,5,Male,2,11212,1,Yes,15,0,0,2,1,4,2,3
1411,37,No,29,4,Male,2,8552,3,No,6,6,6,2,3,6,2,2
1412,57,No,6,5,Male,3,2934,6,Yes,15,15,9,2,4,1,5,1
1413,34,No,19,3,Male,4,1878,3,No,15,8,4,1,2,3,3,1
1414,22,No,21,5,Female,4,3450,5,Yes,17,17,17,2,2,3,4,1
1415,40,No,28,4,Male,2,17882,5,No,20,1,1,3,2,5,2,4
1416,35,No,11,1,Male,1,14392,1,Yes,20,20,2,2,3,5,3,3
1417,34,No,16,1,Female,3,10722,9,No,9,0,0,1,2,6,3,3
1418,27,No,14,3,Male,3,10167,2,Yes,17,7,4,1,5,5,3,3
1419,50,No,1,5,Female,4,4658,2,No,9,1,1,1,3,1,1,1
1420,46,No,4,4,Male,3,3897,2,Yes,15,1,1,2,1,2,1,1
1421,29,No,2,5,Female,3,4908,5,No,3,2,2,2,5,4,3,1
1422,26,No,19,2,Female,3,7604,4,No,20,4,4,2,2,3,3,2
1423,38,No,14,2,Female,4,3843,0,No,4,0,0,2,2,2,2,1
1424,45,No,11,2,Male,4,1767,2,Yes,7,3,3,2,4,3,2,1
1425,42,No,16,2,Male,3,8592,8,No,15,1,1,1,4,5,2,2
1426,28,No,7,4,Female,4,9356,1,No,19,6,6,2,4,6,3,2
1427,21,No,16,2,Male,3,6737,0,No,17,7,7,2,1,6,4,2
1428,52,No,13,2,Male,3,8607,7,No,10,0,0,2,2,6,1,2
1429,34,No,4,3,Male,1,15585,7,Yes,17,1,0,2,4,9,3,4
1430,50,No,14,4,Male,4,6967,5,Yes,15,13,4,3,1,4,1,2
1431,31,No,11,3,Male,3,4498,9,No,13,4,1,2,2,6,3,1
1432,49,No,27,2,Male,3,10099,4,No,8,8,8,2,1,4,1,3
1433,46,No,13,5,Male,4,18546,6,No,10,4,2,2,2,8,1,4
1434,58,No,3,4,Female,4,17951,6,Yes,14,3,3,3,3,8,5,4
1435,56,No,7,4,Female,4,5761,2,Yes,25,25,5,1,4,2,5,2
1436,53,No,5,1,Male,4,16182,7,No,15,4,4,2,1,9,1,4
1437,41,No,16,1,Male,4,16155,3,Yes,18,8,0,1,3,9,2,4
1438,26,No,16,2,Male,3,8528,0,Yes,1,1,1,3,5,4,3,2
1439,34,No,12,5,Female,3,18015,2,Yes,6,4,4,2,2,5,3,4
1440,31,No,15,4,Male,4,7909,4,No,12,6,6,2,1,6,3,2
1441,35,No,26,1,Male,1,4350,6,Yes,7,7,7,1,4,6,3,1
1442,51,No,15,4,Male,3,14317,8,No,34,34,18,2,1,5,1,3
1443,41,No,15,3,Male,3,7993,4,No,28,28,5,2,1,3,2,2
1444,48,No,16,2,Male,4,15085,3,No,6,4,4,1,2,5,1,4
1445,36,No,15,3,Female,4,19181,5,Yes,8,6,6,1,1,8,2,4
1446,60,No,27,3,Female,2,17659,4,Yes,16,1,1,2,2,8,5,4
1447,45,No,1,2,Male,3,5210,6,No,3,3,3,1,2,6,2,2
1448,44,No,9,5,Male,4,8438,4,No,16,16,4,1,2,6,2,2
1449,51,No,2,1,Female,3,16628,9,No,8,0,0,2,2,8,1,4
1450,21,No,9,1,Male,3,12917,7,No,6,0,0,2,2,5,4,3
1451,35,No,17,3,Male,3,17020,7,No,6,5,5,2,1,9,3,4
1452,40,No,27,2,Female,1,7962,9,No,4,4,4,2,2,6,2,2
1453,48,No,14,1,Male,4,5976,4,No,11,11,6,2,2,6,1,2
1454,53,No,2,4,Female,4,2911,0,Yes,11,7,7,1,2,7,1,1
1455,28,No,17,3,Male,1,4827,7,No,17,0,0,2,2,6,3,1
1456,18,No,6,4,Male,3,4939,1,No,11,2,2,2,2,7,4,1
1457,36,No,7,1,Female,2,2442,7,Yes,11,11,7,2,1,7,2,1
1458,53,No,12,1,Male,4,10012,1,No,13,5,5,3,2,6,1,3
1459,41,No,3,1,Male,2,4515,7,No,9,3,1,1,1,2,2,1
1460,50,No,29,3,Male,2,2844,3,No,10,5,4,1,4,6,1,1
1461,40,No,20,2,Female,1,13040,2,Yes,6,0,0,3,1,3,2,3
1462,58,No,9,5,Male,3,10376,0,No,14,3,3,2,2,5,5,3
1463,48,No,29,5,Female,4,2867,6,No,7,1,1,2,1,7,1,1
1464,20,No,24,4,Male,2,1655,7,No,1,1,1,1,3,3,4,1
1465,33,No,12,1,Male,1,8233,8,Yes,18,2,2,2,2,6,3,2
1466,31,No,26,3,Female,3,19055,6,No,3,2,2,2,2,9,3,4
1467,52,No,9,5,Male,3,16825,6,No,10,3,3,1,1,8,1,4
1468,41,No,25,2,Male,3,8966,6,No,10,4,4,2,1,4,2,2
1469,45,No,2,5,Male,4,19779,3,No,7,0,0,3,2,9,2,4
1470,51,No,16,1,Male,4,7851,7,No,23,23,4,2,2,3,1,2
